"","age","cg16867657","cg01799681","cg05446010","cg22143569","cg24724428","cg16323298","cg21572722","cg13562911"
"GSM989827",67,0.6511944,0.2328475,0.00301157,0.005426416,0.2041997,0.3104697,0.3962563,0.02945826
"GSM989828",89,0.7510902,0.2245934,0.004722243,0.01068591,0.3358461,0.2766425,0.4716837,0.02995422
"GSM989829",66,0.6720775,0.27503,0.006836222,0.01227744,0.2603658,0.2796404,0.4333981,0.02300812
"GSM989830",64,0.6844807,0.2823075,0.007645915,0.003760464,0.2650575,0.2336881,0.4330055,0.01325629
"GSM989831",62,0.6645727,0.1931394,0.0068671,0.01119074,0.2662413,0.2547559,0.4208107,0.02814793
"GSM989832",87,0.8284963,0.2082901,0.006720501,0.009527443,0.3584045,0.3160273,0.4529215,0.05333114
"GSM989833",73,0.7150636,0.2347265,0.008606537,0.005196359,0.2785404,0.2933136,0.4376913,0.02898362
"GSM989834",75,0.7319633,0.2785848,0.001764363,0.004709349,0.2643335,0.2544832,0.4552671,0.0212094
"GSM989835",73,0.7315454,0.2275651,0.008034721,0.008943371,0.27567,0.3034477,0.4701046,0.01942627
"GSM989836",83,0.7523077,0.1611629,0.03187893,0.1110005,0.4066601,0.271906,0.5223356,0.04268094
"GSM989837",82,0.796961,0.1998303,0.006525465,0.01602226,0.3842903,0.5153732,0.5147821,0.01789978
"GSM989838",48,0.6105281,0.1951967,0.005848207,0.007061542,0.1798707,0.2284237,0.3773096,0.03792998
"GSM989839",77,0.7206269,0.3228898,0.0149535,0.02290228,0.3654004,0.2935741,0.457275,0.04200443
"GSM989840",54,0.6277769,0.2427749,0.003203378,0.007243733,0.2337198,0.251798,0.3858104,0.01938868
"GSM989841",63,0.6553519,0.2300941,0.008016597,0.0117274,0.2464737,0.3165272,0.4018027,0.03276587
"GSM989842",71,0.6732372,0.2176075,0.001459314,0.007232585,0.292007,0.2407858,0.4204446,0.02423241
"GSM989843",68,0.6886716,0.2925284,0.006339208,0.007598474,0.3027791,0.2575359,0.4359117,0.0289435
"GSM989844",80,0.7444009,0.2160723,0.00196097,0.001739625,0.2812586,0.2987381,0.4423426,0.01711785
"GSM989845",92,0.7836949,0.2272165,0.001837416,0.01296916,0.3642021,0.2654775,0.4862881,0.02949347
"GSM989846",60,0.6494253,0.1767272,0.009184298,0.005334766,0.2518261,0.2450948,0.3967745,0.02774976
"GSM989847",79,0.7413704,0.3617551,0.0007281035,0.01712263,0.3649898,0.2891062,0.4575338,0.1494182
"GSM989848",68,0.6658021,0.1812742,0.007458122,0.003039701,0.2693304,0.2339623,0.4042585,0.01952936
"GSM989849",93,0.8472735,0.201188,0.002819112,0.008491936,0.472902,0.4207375,0.5246475,0.06349147
"GSM989850",84,0.7764669,0.130974,0.006950676,0.01260561,0.3887252,0.2096429,0.5076378,0.02928589
"GSM989851",74,0.7130616,0.2649154,0.003756624,0.008267832,0.3157312,0.2578394,0.4522497,0.03903814
"GSM989852",74,0.7336591,0.1800238,0.01616383,0.02044193,0.2959749,0.3797871,0.4147817,0.05729695
"GSM989853",76,0.6892684,0.1967259,0.006693057,0.01024987,0.2727823,0.2959599,0.4386903,0.04308828
"GSM989854",56,0.7548083,0.1747114,0.007922504,0.006044299,0.3331635,0.2435112,0.5008514,0.02905534
"GSM989855",72,0.7295246,0.2007326,0.007091644,0.01753388,0.3564455,0.2924081,0.4672836,0.03353706
"GSM989856",75,0.7469714,0.1789319,0.01094985,0.01504038,0.3174317,0.2529629,0.4582751,0.02679622
"GSM989857",79,0.7554666,0.215233,0,0.01837698,0.2966189,0.3392755,0.4715668,0.02621594
"GSM989858",73,0.9451751,0.1365265,0.009745694,0.0116055,0.6414558,0.4176823,0.7632132,0.03094732
"GSM989859",82,0.7484966,0.2159786,0.004681965,0.02410449,0.3260978,0.306289,0.4745583,0.03788441
"GSM989860",74,0.744858,0.2049786,0.003594325,0.009016743,0.2866788,0.2369255,0.4628087,0.01834166
"GSM989861",79,0.7839726,0.1035133,0,0.007841838,0.3301388,0.2492797,0.4940777,0.03086891
"GSM989862",54,0.6685563,0.3021156,0.003781964,0.001547999,0.2278574,0.2637053,0.4082361,0.0284175
"GSM989863",101,0.8277159,0.2667548,0,0.0119792,0.3777314,0.3013013,0.484067,0.02829368
"GSM989864",79,0.7564805,0.1963439,0.00926071,0.01196721,0.292843,0.3957892,0.462421,0.03297939
"GSM989865",84,0.7722826,0.3027613,0.006370671,0.01819867,0.3467454,0.3147483,0.5022537,0.0425869
"GSM989866",85,0.7430839,0.212155,0.006004741,0.01139177,0.2612914,0.2375762,0.4690428,0.04329776
"GSM989867",87,0.7576303,0.2347178,0.003069913,0.01140836,0.2802695,0.3143404,0.4548569,0.002498579
"GSM989868",74,0.741704,0.218707,0.006667664,0.01134172,0.3291402,0.3574027,0.485682,0.03513301
"GSM989869",77,0.7752848,0.197005,0,0.007171035,0.3274111,0.2216562,0.4510109,0.02092635
"GSM989870",73,0.7202167,0.178185,0.002567423,0.009850991,0.2551458,0.3106246,0.4581327,0.02102689
"GSM989871",87,0.7599689,0.2469548,0.0005900895,0.004738496,0.3178546,0.2451259,0.4781798,0.02969362
"GSM989872",85,0.7390581,0.2483958,0,0.003490457,0.2570236,0.2871083,0.4605289,0.01161412
"GSM989873",88,0.7618294,0.2457762,0.004083321,0.007094007,0.2971812,0.3439171,0.4614173,0.020392
"GSM989874",66,0.7390801,0.2746041,0.003079208,0.007030772,0.2953722,0.3401029,0.4382737,0.02122325
"GSM989875",78,0.7721112,0.1900174,0.002150829,0.009903817,0.3157888,0.2743777,0.4655578,0.07530451
"GSM989876",53,0.6613585,0.2149531,0.005013321,0.002537964,0.2864916,0.2802838,0.4290962,0.03907101
"GSM989877",76,0.7430577,0.3051535,0.01154756,0.008966482,0.2690918,0.2826543,0.4344949,0.001846481
"GSM989878",67,0.7563509,0.2898578,0.00629995,0.01223088,0.2907595,0.2389717,0.4585468,0.01588333
"GSM989879",73,0.8002347,0.2062839,0.008090308,0.01728956,0.4237947,0.3742839,0.544002,0.03239081
"GSM989880",54,0.6738113,0.2469696,0.007322475,0.002009136,0.2622206,0.2853912,0.4297529,0.02027749
"GSM989881",73,0.7554626,0.2056379,0,0.006636718,0.3035716,0.2562602,0.4498852,0.02638097
"GSM989882",96,0.9205764,0.2246958,0.007365479,0.01779121,0.4719003,0.3292565,0.4863029,0.08751091
"GSM989883",57,0.7212562,0.1711427,0.003061985,0.01299515,0.2550523,0.3406424,0.4335357,0.02465488
"GSM989884",76,0.7298476,0.1585619,0.004029762,0.02232694,0.2934857,0.3236652,0.4563358,0.04457545
"GSM989885",47,0.5759606,0.2167869,0.008506478,0.01207886,0.1178625,0.2183201,0.3689586,0.01831611
"GSM989886",54,0.6147026,0.3336273,0.003275096,0.002999592,0.2492928,0.2828938,0.3887597,0.02071322
"GSM989887",73,0.6951446,0.3667456,0.007009513,0.01536981,0.282031,0.4715199,0.4601499,0.02407804
"GSM989888",84,0.7517247,0.2526836,0.0003729001,0.009034037,0.2978261,0.280211,0.4624639,0.01642299
"GSM989889",62,0.8386506,0.1901727,0.003986494,0.00817969,0.1612074,0.3061873,0.4650604,0.01225107
"GSM989890",89,0.8507718,0.1160618,0.001983515,0.0007566148,0.2851741,0.2096985,0.4818939,0.01217098
"GSM989891",68,0.7114872,0.2265196,0,0.01426905,0.3425895,0.3610789,0.4451516,0.02400973
"GSM989892",62,0.705152,0.3174587,0.006442151,0.01231699,0.3228166,0.3318021,0.4467366,0.06022707
"GSM989893",79,0.7339224,0.2246374,0.00110337,0.00655083,0.3213236,0.247719,0.4370058,0.02412318
"GSM989894",72,0.7100685,0.225952,0.004022189,0.01180019,0.3014136,0.2609925,0.4364544,0.004040268
"GSM989895",69,0.7465886,0.1860814,0.001969312,0.00674324,0.3045903,0.2364715,0.473159,0.009218913
"GSM989896",55,0.756739,0.2139756,0.006421368,0.0186603,0.2351332,0.2919527,0.4397854,0
"GSM989897",73,0.6746264,0.2899971,0.005766375,0.01540703,0.294664,0.2335144,0.4343323,0.02267447
"GSM989898",79,0.7412519,0.1989757,0.008551608,0.01879744,0.2942109,0.2997536,0.4467943,0.03514915
"GSM989899",72,0.7334428,0.2086832,0,0,0.2953002,0.3755733,0.4408799,0.02492807
"GSM989900",89,0.6753671,0.2095994,0.0003001735,0.009295198,0.2720586,0.2508352,0.4374897,0.02524501
"GSM989901",79,0.7481898,0.2064561,0.001069951,0.005494028,0.2647955,0.2067469,0.4454577,0.01797574
"GSM989902",85,0.765074,0.2200733,0.004335227,0.01409596,0.2714956,0.2937875,0.4444468,0.03365373
"GSM989903",68,0.7755026,0.4147113,0.002906877,0.01509984,0.3339498,0.231489,0.4990852,0.03085869
"GSM989904",89,0.7668046,0.1500678,0,0.02126551,0.2953371,0.3555949,0.4773816,0.04860376
"GSM989905",73,0.7621058,0.1907699,0.003056642,0.01352544,0.3488545,0.2496792,0.4409941,0.02395093
"GSM989906",63,0.6527831,0.2492893,0.005629899,0,0.1976799,0.2482076,0.4057307,0.022396
"GSM989907",78,0.6966845,0.2789932,0.004309433,0.003108984,0.2641713,0.2457853,0.4516691,0.01704146
"GSM989908",65,0.6803722,0.3036716,0.001980466,0.01195779,0.2485567,0.3270541,0.4373879,0.008242939
"GSM989909",65,0.7114501,0.2057841,0.002946582,0.007493764,0.2550936,0.2539658,0.4439235,0.01396388
"GSM989910",89,0.7880375,0.2820944,0.006900531,0.007759986,0.2964738,0.2699082,0.4825459,0.01692917
"GSM989911",85,0.794125,0.2859519,0.006806736,0.003207862,0.2734223,0.2870956,0.486795,0.01539184
"GSM989912",66,0.7250376,0.1885223,0.002479305,0.009800247,0.2806831,0.3097048,0.4546724,0.02285697
"GSM989913",76,0.7142454,0.2832424,0.003752745,0.001558213,0.2661507,0.3064596,0.4460754,0.01640347
"GSM989914",74,0.7586725,0.1777221,0.00618683,0.003367159,0.2919673,0.3608813,0.4480925,0.02352195
"GSM989915",84,0.779932,0.2374388,0.004563561,0.003732703,0.2478081,0.2408406,0.4294168,0.0199112
"GSM989916",71,0.7727185,0.1512603,0.006751676,0.0133059,0.3103469,0.193586,0.4699782,0.005635105
"GSM989917",49,0.6229684,0.2012067,0.010096,0.006733318,0.2225918,0.2554201,0.3961532,0.02583964
"GSM989918",69,0.7308398,0.3365277,0.00156703,0.002329541,0.3035596,0.2704925,0.4600396,0.04149799
"GSM989919",63,0.6668291,0.2151207,0.002094928,0.01128904,0.2392399,0.2534259,0.4187423,0.02332807
"GSM989920",66,0.7223625,0.1634755,0,0.002635157,0.329353,0.2129563,0.4542512,0.009707721
"GSM989921",85,0.7604074,0.2111848,0.01159352,0.003714223,0.3316791,0.2933986,0.4673044,0.01283082
"GSM989922",76,0.7053955,0.2089593,0.001548119,0.01043922,0.310131,0.2737707,0.4481041,0.04371325
"GSM989923",84,0.7723839,0.2116408,0,0,0.3870609,0.214793,0.4925117,0.01551104
"GSM989924",59,0.6578482,0.2322473,0,0,0.2309305,0.2455933,0.4031383,0.01090356
"GSM989925",70,0.6941202,0.2341353,0.006482668,0.006049568,0.2430767,0.2495171,0.4307968,0.009804982
"GSM989926",65,0.7038245,0.2064767,0.004158563,0,0.2462586,0.2972695,0.4435059,0.01630058
"GSM989927",68,0.7620847,0.2620834,0.0009221949,0.0003495882,0.2833554,0.2292543,0.4740912,0
"GSM989928",84,0.7486982,0.2171728,0.004028803,0.01545141,0.313875,0.2734183,0.4895703,0.01517279
"GSM989929",75,0.7634181,0.1527683,0.002231025,0.007755203,0.3110096,0.2149829,0.4206085,0.0227352
"GSM989930",51,0.6182324,0.2292998,0.004510902,0.01750264,0.17026,0.310528,0.3880194,0.01708513
"GSM989931",63,0.6879355,0.2421786,0.001584143,0.008763787,0.240661,0.2414701,0.4222214,0.03366657
"GSM989932",69,0.6613097,0.2390701,0,0.01458034,0.2808834,0.2413263,0.4401718,0.03116563
"GSM989933",78,0.7370197,0.2370091,0.01055159,0.009061059,0.3603251,0.2764097,0.4601701,0.06564945
"GSM989934",78,0.7759894,0.2484315,0.002947925,0.002215759,0.376856,0.22274,0.4956449,0.03049615
"GSM989935",52,0.6399093,0.1738695,0.003623824,0.002253041,0.2242661,0.2302146,0.3976784,0.02373657
"GSM989936",49,0.6609651,0.2506883,0,0.007351725,0.2508241,0.2807027,0.4268809,0.03150025
"GSM989937",53,0.636771,0.170859,0,0.01237092,0.2198848,0.3184021,0.407439,0.02700729
"GSM989938",59,0.6497897,0.1797626,0.002211212,0.002037052,0.1946944,0.2297617,0.4139618,0.02737847
"GSM989939",62,0.6587625,0.1963551,0.001040151,0.00197772,0.2931534,0.2717518,0.4417391,0.04496549
"GSM989940",46,0.6793292,0.1794799,0.01959168,0.008420738,0.2127019,0.2425019,0.4361855,0.004590432
"GSM989941",68,0.7081397,0.2794023,0.001812331,0.006625411,0.3002964,0.296183,0.4449188,0.03400164
"GSM989942",74,0.7500386,0.2363864,0.002472521,0.01184189,0.339027,0.2895811,0.4634789,0.02700718
"GSM989943",59,0.6945258,0.2338901,0,0,0.2496421,0.295423,0.4116564,0.02827587
"GSM989944",76,0.6771177,0.2396581,0.007389532,0.005658243,0.2750594,0.2473957,0.4415287,0.03500968
"GSM989945",54,0.6737232,0.2463719,0.00983045,0.006475793,0.2732521,0.2698645,0.4167329,0.03027795
"GSM989946",59,0.6837789,0.1934026,0.002067145,0.01120156,0.270334,0.2799091,0.4290865,0.03034633
"GSM989947",48,0.6376821,0.2150323,0,0.002863249,0.2356768,0.2926549,0.430732,0.02048
"GSM989948",45,0.5947521,0.2192429,0.001869328,0.001995942,0.1617813,0.2193706,0.3873784,0.01464119
"GSM989949",62,0.6611806,0.2251398,0,0.00571804,0.2021191,0.2445688,0.4087169,0
"GSM989950",63,0.7081658,0.2188175,0.00699956,0.005456095,0.2897099,0.2527977,0.4374432,0.02509215
"GSM989951",80,0.7168567,0.2220868,0.004596819,0.01003889,0.3275173,0.2385871,0.4144926,0.02493761
"GSM989952",60,0.6517641,0.2370545,0.008142418,0.004686817,0.2172606,0.2304806,0.4039159,0.02757909
"GSM989953",71,0.7795148,0.2259429,0.003440893,0.003330397,0.3220064,0.2621869,0.4707296,0.02936908
"GSM989954",67,0.7307492,0.2410875,0.004345204,0.01131645,0.2438049,0.2441262,0.4418082,0.02645424
"GSM989955",50,0.6132722,0.219429,0.007459582,0.008574007,0.1893424,0.223947,0.3902769,0.02900186
"GSM989956",86,0.7758082,0.2888559,0.002350713,0.006058646,0.3595659,0.3035087,0.4593653,0.08495925
"GSM989957",70,0.7860739,0.2331605,0,0.003965769,0.3587345,0.2489033,0.4239458,0.008763355
"GSM989958",54,0.6125819,0.2712,0.002238111,0.003137425,0.1817422,0.2934573,0.3930525,0.03441757
"GSM989959",69,0.7290756,0.2599608,0.002931726,0.002349722,0.3015873,0.2758876,0.4404227,0.03632937
"GSM989960",76,0.7724285,0.1895367,0.002771206,0.007515441,0.3425115,0.2722142,0.4822047,0.01662727
"GSM989961",58,0.5948106,0.3821128,0.01066802,0.006011114,0.2211294,0.2245286,0.3810003,0.02721829
"GSM989962",58,0.6729238,0.2392357,0,0.01331388,0.2247047,0.2463834,0.3952219,0.01555745
"GSM989963",64,0.7014117,0.2085321,0.002734956,0.003226041,0.2992616,0.2541864,0.4185786,0.02866989
"GSM989964",73,0.6930224,0.2149453,0.002836323,0.008311685,0.2342364,0.2455814,0.4272614,0.01354643
"GSM989965",49,0.6134767,0.2126389,0.001260055,0.01179081,0.1969921,0.2353974,0.3752552,0.01600353
"GSM989966",56,0.6037811,0.1885568,0.01343835,0.008053878,0.1538807,0.2363771,0.3974926,0.01604227
"GSM989967",75,0.7268605,0.2199821,0.004226642,0.01068688,0.2793074,0.2303204,0.4253302,0.03176077
"GSM989968",48,0.6461783,0.2181544,0.001243281,0.004537225,0.2032396,0.2417779,0.3879552,0.005727827
"GSM989969",81,0.7224537,0.1234482,0.002839881,0.009678971,0.2928404,0.2295863,0.4409826,0.03304153
"GSM989970",72,0.7171511,0.2224609,0.005487454,0.007806473,0.3046921,0.2789725,0.4452226,0.01808455
"GSM989971",61,0.7315484,0.3915317,0.001420391,0.002795114,0.2229089,0.2498822,0.3910435,0.01314093
"GSM989972",50,0.6572648,0.250803,0.006978618,0.008582067,0.2415526,0.2486447,0.4035033,0.02188536
"GSM989973",69,0.6592147,0.25755,0.007188272,0.006864507,0.2748579,0.2287917,0.3950746,0.02186785
"GSM989974",65,0.6924228,0.2991388,0.008269972,0,0.2430283,0.2621681,0.415264,0.006551548
"GSM989975",47,0.6117541,0.2046506,0.006687464,0.002780504,0.1805517,0.2117486,0.3637759,0.02162621
"GSM989976",43,0.6329725,0.2942198,0.009632325,0.003617427,0.2181031,0.29151,0.4002115,0.02257904
"GSM989977",55,0.6809654,0.1737714,0,0.007567344,0.2332019,0.2598634,0.405739,0.02477843
"GSM989978",54,0.6300682,0.2394875,0.001415248,0.007962019,0.2584732,0.2398278,0.4182723,0.02694516
"GSM989979",58,0.6376951,0.2040182,0.007071655,0.01729098,0.232176,0.2568907,0.3957407,0.01094452
"GSM989980",34,0.5693894,0.2501282,0.001744626,0.007135342,0.1465714,0.2629592,0.3657464,0.00834532
"GSM989981",65,0.6317034,0.2799388,0.002297522,0.006782469,0.2281606,0.2221512,0.4019757,0.02273269
"GSM989982",52,0.6361051,0.2429078,0.00371685,0.009445589,0.1977853,0.2348139,0.4179553,0.022207
"GSM989983",32,0.5850098,0.2295395,0,0.01174997,0.1520558,0.2417537,0.3511406,0.01571741
"GSM989984",47,0.6373129,0.2650545,0,0.003870905,0.2213386,0.2681773,0.4088913,0.01211851
"GSM989985",54,0.6877285,0.2449428,0.006880518,0.008368877,0.2659151,0.3218059,0.4500243,0.02575661
"GSM989986",63,0.6781265,0.2508591,0.0040097,0.004633921,0.1890156,0.2217877,0.3988929,0.01639416
"GSM989987",28,0.4819567,0.1886413,0.004415238,0.01099774,0.1441724,0.2052041,0.3148315,0.01142047
"GSM989988",54,0.7451332,0.2626179,0.004093723,0.01173691,0.3901132,0.2746368,0.4676389,0.05108486
"GSM989989",59,0.6427448,0.2007946,0.002915648,0.001843772,0.2850683,0.2701986,0.3896079,0.02334876
"GSM989990",56,0.6435189,0.2509642,0.001516683,0.008247332,0.2333829,0.3716086,0.4191965,0.005477325
"GSM989991",50,0.6583422,0.202807,0.006529826,0.01046415,0.2447947,0.2532373,0.410423,0.02164358
"GSM989992",30,0.5415511,0.1995197,0.006012249,0.008712329,0.1781145,0.2672594,0.3488638,0.03625153
"GSM989993",50,0.5814301,0.2332049,0.006649104,0.008206674,0.1528239,0.2949705,0.3819482,0.007431783
"GSM989994",47,0.6372234,0.2149031,0.0002366078,0.006801997,0.2200926,0.2262836,0.4225455,0.01933172
"GSM989995",47,0.5851048,0.2286893,0.001438547,0.01011572,0.1822923,0.2394115,0.3737046,0.0246359
"GSM989996",33,0.5221466,0.2319372,0.004858027,0.01502333,0.1444437,0.2367937,0.3446851,0.02272543
"GSM989997",38,0.5657424,0.197681,0.006014792,0.00901228,0.1690011,0.2333259,0.3749422,0.02376207
"GSM989998",35,0.5611106,0.2752268,0.005699798,0.01198717,0.1932765,0.2580856,0.3723908,0.02478326
"GSM989999",47,0.5608102,0.2741085,0.0004515713,0,0.151198,0.1866362,0.3699138,0.0147436
"GSM990000",80,0.743883,0.1927768,0.003453574,0.02747421,0.2913094,0.2879535,0.4467375,0.01655989
"GSM990001",86,0.7692871,0.2266677,0,0,0.3129155,0.2737397,0.4711259,0.02336154
"GSM990002",71,0.695067,0.2501976,0.004341506,0.003522803,0.2765824,0.3282716,0.4051366,0.03316676
"GSM990003",77,0.6498978,0.2525474,0.0109827,0.007246883,0.2947451,0.2558812,0.4054189,0.01192662
"GSM990004",67,0.6814363,0.2685896,0.0006268421,0.005493415,0.2973458,0.2866358,0.4249018,0.03838145
"GSM990005",84,0.7574108,0.1755477,0.007318443,0.009444456,0.3595862,0.2832448,0.4715608,0.03306721
"GSM990006",80,0.7152258,0.2704677,0,0.003969875,0.3226888,0.3183612,0.4241478,0.02812617
"GSM990007",70,0.6834496,0.2400699,0.002875941,0.002745352,0.3430272,0.3172125,0.4220446,0.04780002
"GSM990008",67,0.6969849,0.2099277,0.006139139,0.02288964,0.3034243,0.2890761,0.4349982,0.04000853
"GSM990009",63,0.6523548,0.2409757,0,0.00586331,0.2803446,0.2755848,0.4241974,0.02904169
"GSM990010",70,0.7251156,0.2167404,0.000939459,0.004567306,0.3394928,0.2607563,0.455182,0.03662425
"GSM990011",56,0.6689343,0.2190494,0.01044566,0.01268894,0.2685902,0.3133408,0.4456905,0.04489122
"GSM990012",67,0.7090219,0.2212786,0.003229649,0.002962993,0.2949681,0.2816935,0.4662683,0.02748425
"GSM990013",70,0.7001137,0.1879272,0.0005987798,0.009059473,0.3025924,0.3278768,0.4429563,0.02080624
"GSM990014",70,0.6972126,0.2409573,0.0007203034,0.00486349,0.3046425,0.288227,0.453243,0.1339051
"GSM990015",74,0.7985595,0.2223972,0.0009272304,0,0.4369806,0.3231638,0.5074403,0.03405662
"GSM990016",73,0.7129239,0.3248262,0.00649544,0.001921315,0.3894162,0.2714921,0.4520805,0.04132035
"GSM990017",77,0.7651765,0.3247048,0.01088605,0,0.3429812,0.2446886,0.4743763,0.03554893
"GSM990018",80,0.786907,0.2121487,0.002297752,0,0.3689533,0.3150097,0.4938999,0.02125924
"GSM990019",66,0.703109,0.2055322,0,0,0.2838645,0.2091697,0.4566869,0.01051337
"GSM990020",85,0.8067054,0.2289823,0.002611762,0.0001349471,0.345593,0.2484342,0.4966955,0.01910403
"GSM990021",76,0.7264185,0.3205215,0,0.00586131,0.3465718,0.2730914,0.4514876,0.0177007
"GSM990022",78,0.710684,0.1715536,0.001771722,0,0.3561634,0.2837476,0.4638902,0.0279376
"GSM990023",82,0.7558324,0.2139389,0,0.001515257,0.3944824,0.2478826,0.4816677,0.0454082
"GSM990024",76,0.7039926,0.2159407,0.002652026,0.0005716406,0.3004287,0.2431318,0.4526355,0.04861947
"GSM990025",71,0.7549514,0.2379295,0.002958035,0.005634096,0.3139724,0.2542968,0.4548064,0.01122626
"GSM990026",82,0.7142879,0.2779881,0.002595203,0.0004514765,0.3377238,0.3047176,0.4175449,0.03422824
"GSM990027",83,0.7641302,0.2377878,0.001555562,0.002800818,0.30762337,0.2641188,0.4900576,0.01796675
"GSM990028",79,0.7570033,0.2545341,0.003387172,0.007014564,0.3092393,0.2756961,0.4562098,0.02371622
"GSM990029",75,0.664057,0.2684562,0,0,0.2450737,0.2132838,0.4052519,0.02909085
"GSM990030",68,0.6742641,0.2310294,0,0.001610392,0.3327965,0.2403193,0.4267894,0.03691301
"GSM990031",64,0.6536953,0.2524403,0.003517256,0.01658182,0.2765225,0.2439045,0.4018961,0.01403426
"GSM990032",70,0.7038757,0.2033419,0.005599599,0,0.3764693,0.4034109,0.459323,0.0423532
"GSM990033",92,0.8620757,0.2295412,0.02184485,0.1259533,0.4854579,0.275942,0.5065496,0.01992932
"GSM990034",74,0.7161008,0.2120906,0.006055979,0.008365465,0.3123178,0.2653044,0.4585946,0.01799721
"GSM990035",69,0.7456732,0.277899,0.006297986,0,0.3273807,0.2747953,0.4590003,0.009615002
"GSM990036",80,0.7919018,0.1374085,0.001700393,0.01947263,0.3966372,0.264671,0.4808586,0.01516541
"GSM990037",63,0.6547927,0.2866571,0.006216905,0.005229661,0.2377783,0.2862046,0.4108309,0.02310593
"GSM990038",77,0.7602276,0.3096459,0.00284778,0.01360494,0.3474521,0.3132556,0.4955423,0.1082297
"GSM990039",81,0.749477,0.1800091,0.00245737,0.1004106,0.3529054,0.2559071,0.4405349,0.03649057
"GSM990040",82,0.7375706,0.2506619,0,0,0.3085107,0.2755079,0.4585609,0.00871427
"GSM990041",69,0.6756786,0.1718119,0,0.000626116,0.2921744,0.4252994,0.414223,0.02498615
"GSM990042",73,0.7010816,0.2419225,0,0.001687831,0.2866535,0.2353046,0.4290011,0.03573433
"GSM990043",66,0.7208824,0.2501759,0.003509214,0.0007324239,0.3015381,0.2538451,0.4163933,0.01369317
"GSM990044",87,0.6972325,0.1136475,0,0.01263092,0.3703564,0.4965828,0.4104033,0.02825137
"GSM990045",68,0.6576649,0.328962,0.001973737,0.002095146,0.4730765,0.334872,0.4706033,0.04302353
"GSM990046",69,0.6871896,0.2434272,0,0,0.2643143,0.2251156,0.4397708,0.03142278
"GSM990047",76,0.6930325,0.2090841,0.004918323,0,0.3791781,0.2749158,0.4538587,0.02370553
"GSM990048",69,0.6804694,0.2837691,0,0.001248208,0.2988859,0.2511002,0.4534537,0.005661833
"GSM990049",81,0.7487864,0.2509303,0.006188622,0.01263436,0.3658025,0.2068117,0.4315234,0.01033007
"GSM990050",71,0.6932516,0.1876587,0.007484719,0.01780751,0.3048353,0.2881996,0.4097279,0.03219088
"GSM990051",71,0.6721138,0.1781928,0.007048505,0.007701142,0.2227075,0.3518497,0.4001685,0.0172713
"GSM990052",75,0.6999256,0.2102618,0.008123962,0.008703919,0.3297319,0.3263871,0.4348305,0.02152156
"GSM990053",60,0.636647,0.2249012,0.00645218,0.005423724,0.2605981,0.231185,0.4066129,0.03701051
"GSM990054",77,0.7705668,0.2085025,0.005307847,0.004711918,0.3814134,0.233036,0.4792737,0.02440106
"GSM990055",85,0.7911128,0.164286,0.00362039,0.01063498,0.4259686,0.2504354,0.4243205,0.02729587
"GSM990056",70,0.6920041,0.2753186,0.00556764,0.009651543,0.3234979,0.302784,0.3934891,0.03016445
"GSM990057",62,0.6176794,0.2044819,0.007574496,0.003360249,0.246667,0.3891814,0.3593346,0.04144859
"GSM990058",69,0.6953726,0.2193941,0.01039813,0.006889936,0.3275489,0.2518144,0.4012755,0.02112961
"GSM990059",73,0.6839325,0.2136888,0.006192037,0.007583344,0.3173584,0.2646271,0.4393895,0.03365669
"GSM990060",73,0.7381633,0.1917059,0.004716986,0.008252865,0.2373315,0.2445186,0.4411573,0.009322469
"GSM990061",74,0.743,0.2118635,0.008021377,0.00801913,0.2954376,0.2763982,0.4176995,0.02185556
"GSM990062",73,0.6705193,0.219811,0.003537075,0.007818348,0.3039065,0.3549498,0.4507961,0.03055768
"GSM990063",86,0.8120967,0.1527439,0.008491857,0.009928998,0.3750375,0.2176579,0.469126,0.03209655
"GSM990064",83,0.8043684,0.2619954,0.004018134,0.005336081,0.3307716,0.3486175,0.4644118,0.02867163
"GSM990065",76,0.7829579,0.2316665,0.00705074,0.01088385,0.3049122,0.212909,0.4522231,0.02647019
"GSM990066",75,0.7398291,0.229821,0.005699019,0.004782856,0.2769873,0.3101368,0.40686,0.01703073
"GSM990067",64,0.749061,0.244298,0.005364404,0.03041824,0.3113579,0.1944831,0.3995499,0.04125535
"GSM990068",67,0.6613902,0.1901299,0.005278782,0.0174647,0.3288366,0.2429006,0.4029833,0.05269475
"GSM990069",88,0.7669892,0.2061538,0.005687967,0.002962362,0.376904,0.2584364,0.4632095,0.004767058
"GSM990070",48,0.5818557,0.2326316,0.0004682323,0.002574505,0.1598147,0.2413792,0.3953792,0.01302079
"GSM990071",44,0.5789016,0.2644535,0.01087692,0,0.2172332,0.2871432,0.4239836,0
"GSM990072",48,0.5436248,0.3076355,0,0.006765593,0.1358107,0.3536606,0.4303059,0.0135082
"GSM990073",62,0.6278726,0.2486226,0.00679728,0.00348159,0.2111799,0.3024877,0.4238432,0.02539994
"GSM990074",54,0.6387972,0.2354779,0.01173825,0.006588885,0.1913796,0.2802615,0.4431641,0.01401962
"GSM990075",46,0.5516556,0.2546077,0.004140938,0.009159728,0.1811454,0.2622927,0.405055,0.02631597
"GSM990076",60,0.6456164,0.2240545,0.003221215,0,0.2326927,0.2435393,0.4385742,0.01767848
"GSM990077",40,0.5271779,0.2545712,0,0.008993804,0.1534542,0.2232158,0.3838145,0.009463601
"GSM990078",43,0.5711899,0.2188258,0.00367905,0,0.2326343,0.2875457,0.3925727,0.0143873
"GSM990079",41,0.5391032,0.2986021,0.004450129,0.009254009,0.1881603,0.3449012,0.4307558,0.003376756
"GSM990080",53,0.6159512,0.282195,0.008452607,0.0153794,0.2055533,0.2931626,0.430297,0.0173928
"GSM990081",48,0.5976619,0.2668025,0.004610657,0.004294122,0.1490251,0.2855047,0.415689,0.0156781
"GSM990082",71,0.7293382,0.3315852,0.00843732,0.009720552,0.2879094,0.3420942,0.4785741,0.009650408
"GSM990083",52,0.5923342,0.2251355,0.003444678,0.009376367,0.1635048,0.2822183,0.4227725,0.01626973
"GSM990084",64,0.6719288,0.2331452,0.01082654,0.01587675,0.2199191,0.2979858,0.4396688,0.0343454
"GSM990085",48,0.5374236,0.2141133,0.00322502,0.0138045,0.1633703,0.2645218,0.3958246,0.01375907
"GSM990086",55,0.5920671,0.1866634,0.007569082,0.005332887,0.1868493,0.318954,0.4214592,0.0269125
"GSM990087",68,0.6766529,0.2769006,0.003892215,0.01495747,0.2493262,0.3222468,0.4647513,0.0192504
"GSM990088",46,0.5742996,0.3291022,0.008427239,0.004964293,0.223621,0.2567148,0.4132655,0.0152836
"GSM990089",64,0.6491397,0.253204,0.002516522,0.003112114,0.2283987,0.2578166,0.4128365,0.03605673
"GSM990090",57,0.6405643,0.252326,0.007967161,0.01541464,0.2418795,0.2850302,0.4320344,0.004174754
"GSM990091",45,0.5746111,0.247584,0.007075699,0.009881928,0.1536755,0.2367311,0.409898,0.02337833
"GSM990092",51,0.5939832,0.3123883,0.001200056,0.002013696,0.2344011,0.2772076,0.4412111,0.00984499
"GSM990093",53,0.6227621,0.3423407,0.008305673,0.0003919185,0.220112,0.4374829,0.4428634,0.005879383
"GSM990094",60,0.5950857,0.2848842,0.002804133,0.0007480664,0.223098,0.2757817,0.4340413,0.02100819
"GSM990095",51,0.5649077,0.2202753,0.004606382,0.002178964,0.2495005,0.3016019,0.4576336,0.02319762
"GSM990096",73,0.6280606,0.1116555,0,0.004642795,0.3065409,0.2151259,0.4830712,0.0209821
"GSM990097",38,0.542309,0.2926319,0.004095413,0.005656992,0.1688382,0.3105525,0.419232,0.01956561
"GSM990098",42,0.6600955,0.2453498,0.001348985,0.02717509,0.2537252,0.3204258,0.4460507,0.02833755
"GSM990099",64,0.7020737,0.203793,0.00697249,0.005730518,0.2461466,0.2713194,0.4547957,0.02016831
"GSM990100",58,0.6300665,0.2939302,0.003783572,0.01382658,0.1941336,0.2584262,0.4364293,0.002891706
"GSM990101",43,0.5563503,0.2442963,0.00766988,0.01151527,0.168251,0.2913706,0.410643,0.03659444
"GSM990102",38,0.5430824,0.2413633,0.002227498,0.005774331,0.1260483,0.2795441,0.3977119,0.002202753
"GSM990103",54,0.5660599,0.2748687,0,0.002474689,0.1655257,0.3448125,0.4244196,0.004143759
"GSM990104",70,0.6672972,0.2001949,0.002257345,0.009738759,0.2264424,0.3301581,0.4623145,0.02000499
"GSM990105",44,0.5085794,0.2258382,0.007840464,0,0.1640241,0.2617195,0.4151702,0.02201138
"GSM990106",62,0.6693259,0.2769125,0.004263514,0.002869744,0.2704372,0.2793587,0.468194,0.02031023
"GSM990107",51,0.6041524,0.3091808,0.0005040054,0.004851944,0.1900483,0.3830456,0.4371527,0.01628266
"GSM990108",41,0.5321032,0.2488765,0,0.001576227,0.1289278,0.2805174,0.3960707,0.02005429
"GSM990109",53,0.6289176,0.2629075,0.0002151571,0.01262106,0.207401,0.3057547,0.4370198,0.01033945
"GSM990110",65,0.6475307,0.3929587,0,0.01070383,0.2263576,0.3160238,0.4540117,0.05166593
"GSM990111",50,0.5762299,0.2620412,0,0.001879947,0.2527867,0.4033572,0.4237963,0.02397468
"GSM990112",55,0.6318687,0.2496779,0,0,0.2016249,0.3329722,0.4370692,0.02750482
"GSM990113",62,0.6718395,0.277747,0.005044108,0.004109283,0.2560297,0.3033457,0.4881402,0.05007598
"GSM990114",61,0.6536645,0.3004403,0.00264679,0.008337321,0.2330613,0.2989033,0.4684078,0.02554039
"GSM990115",38,0.5223464,0.2524378,0.00177431,0.0008228745,0.1462701,0.2471387,0.3892624,0.0283154
"GSM990116",59,0.6531898,0.2161502,0.004771984,0.004527912,0.2084526,0.2568376,0.4342437,0.01774172
"GSM990117",64,0.7209024,0.2826194,0.002227794,0.008362264,0.3057371,0.2625352,0.4872765,0.02425149
"GSM990118",57,0.6443897,0.2482182,0.000419515,0.003990415,0.2084491,0.3099608,0.4376472,0.01888836
"GSM990119",57,0.651798,0.278996,0.002211259,0.002598558,0.281861,0.2980615,0.4537504,0.01267858
"GSM990120",49,0.5975207,0.2284721,0.003086883,0.003757065,0.188552,0.258853,0.4061719,0.02891162
"GSM990121",64,0.5836771,0.2732865,0.01990753,0.008010364,0.2511815,0.2615069,0.4019949,0.0007895799
"GSM990122",66,0.5987433,0.2098149,0.006883695,0.01493255,0.2773947,0.2549905,0.3751867,0.01445769
"GSM990268",52,0.5806379,0.2508707,0.005428313,0.003226737,0.2502533,0.2214245,0.4006712,0.02362579
"GSM990269",43,0.6014122,0.256396,0.00167318,0.006624235,0.2181206,0.2679601,0.4270819,0.005017844
"GSM990270",49,0.5891222,0.260977,0.001007599,0.004934928,0.2142759,0.284261,0.4269779,0.01623972
"GSM990271",51,0.6479005,0.2675688,0,0,0.2727158,0.282519,0.4468867,0.02461716
"GSM990272",58,0.6274773,0.2249793,0.004006373,0.007082596,0.2274084,0.2508893,0.4176245,0.01885794
"GSM990273",63,0.6264083,0.2563501,0.003563086,0.01859036,0.2110672,0.3202776,0.3953389,0.01524291
"GSM990274",55,0.6109402,0.2137982,0.001550694,0.004063861,0.1925924,0.3449585,0.4172357,0.02391668
"GSM990275",50,0.5749732,0.2018239,0.004104854,0.00386133,0.2117635,0.2581464,0.4271354,0.02836238
"GSM990276",57,0.6531838,0.2154119,0.002438218,0.003011686,0.211105,0.288139,0.4241318,0.01738786
"GSM990277",33,0.5448548,0.2418891,0,0.006851434,0.1637381,0.2835489,0.4084064,0.02158042
"GSM990278",46,0.5554113,0.2422839,0.004323128,0.01323982,0.1607078,0.2767393,0.3818367,0.01979947
"GSM990279",46,0.5644615,0.272604,0.001769296,0,0.1889438,0.299585,0.3704849,0.01418306
"GSM990280",66,0.6071173,0.2159556,0.0048076,0,0.1753302,0.2844558,0.4330756,0.01454667
"GSM990281",55,0.5914136,0.3208753,0.00879885,0,0.1813523,0.2617748,0.4028253,0.016277
"GSM990282",64,0.6330028,0.2883675,0.0002764248,0.006851135,0.1760406,0.276011,0.431609,0.01368614
"GSM990283",46,0.4780285,0.2283922,0.006045329,0.007235392,0.09894782,0.1954467,0.3246652,0.007969831
"GSM990284",66,0.6822454,0.3521255,0.003392143,0.006016103,0.2344893,0.2932988,0.4238559,0
"GSM990285",47,0.5728436,0.2161158,0.004288802,0,0.1865019,0.2797193,0.3931276,0.03441963
"GSM990286",58,0.5892625,0.2403802,0.003184849,0.009149382,0.2050568,0.289541,0.3967671,0.009994989
"GSM990287",61,0.6398885,0.2032084,0.00290288,0.001229004,0.2175856,0.2860039,0.4190848,0.05646897
"GSM990288",48,0.5164029,0.1682352,0.009103951,0.009729164,0.1904889,0.2079575,0.3886774,0.02674684
"GSM990289",45,0.5786451,0.2716024,0.01081009,0.004742128,0.2307211,0.3449744,0.4148246,0.01895929
"GSM990290",62,0.6241709,0.1848644,0,0.002841467,0.2169202,0.2930178,0.4237395,0.009059181
"GSM990291",50,0.6026184,0.2426386,0,0.006752582,0.1621906,0.2399857,0.4158989,0
"GSM990292",34,0.572477,0.2412888,0.00137175,0,0.1769139,0.2749079,0.3816656,0.005678331
"GSM990293",64,0.6986392,0.2793168,0.005127128,0.001407766,0.2749038,0.2557028,0.4344554,0.06906172
"GSM990294",55,0.6048538,0.2420521,0.003582399,0.01301747,0.1871091,0.3934108,0.3986678,0.009253204
"GSM990295",48,0.556268,0.2381696,0.001287627,0,0.1514281,0.2525319,0.4050972,0.03944951
"GSM990296",60,0.5710604,0.2626648,0.004466601,0.005736698,0.2007646,0.2341415,0.3968935,0.006993334
"GSM990297",64,0.7056828,0.2934364,0.01261835,0.006697774,0.2785501,0.2866438,0.4381428,0.01904514
"GSM990298",58,0.619449,0.3623461,0.008355362,0.009671063,0.1847522,0.2727675,0.4011731,0.01103051
"GSM990299",37,0.4875272,0.1881529,0.005814037,0.006333607,0.1452474,0.2587603,0.3753354,0.02247226
"GSM990300",60,0.6673495,0.2345668,0,0.000154477,0.2829767,0.2906713,0.4311699,0.03382893
"GSM990301",63,0.6732368,0.2760503,0.002363973,0.002253043,0.2344157,0.2964272,0.4415068,0.01346496
"GSM990302",59,0.6692123,0.3066945,0.0019397,0.006420614,0.2802953,0.288397,0.4538851,0.02478136
"GSM990303",54,0.6164637,0.279029,0.002545478,0.007725938,0.2266509,0.2626881,0.4032818,0.01913604
"GSM990304",60,0.6584789,0.26468,0.003887484,0,0.2554047,0.3221217,0.4301885,0.01047777
"GSM990305",51,0.5659307,0.2027114,0.002754498,0.002966471,0.1922906,0.2781068,0.4430073,0.02386258
"GSM990306",63,0.662773,0.2597124,0,0.0003279131,0.2371866,0.2883328,0.4534916,0
"GSM990307",64,0.6582711,0.3005961,0,0.0001130613,0.2660162,0.2776552,0.4697765,0.0451137
"GSM990308",64,0.6579181,0.3100047,0.002381261,0,0.2136514,0.2984693,0.4340295,0.02384675
"GSM990309",44,0.5717049,0.3464646,0,0.007456644,0.1591986,0.2793809,0.4133607,0.02899187
"GSM990310",65,0.6292988,0.2273191,0.003641388,0.009270963,0.2131001,0.2806214,0.4247814,0.01003216
"GSM990311",66,0.653693,0.2349114,0.003486289,0.002174487,0.26573,0.3523286,0.4590639,0.01571606
"GSM990312",51,0.6454803,0.2953413,0.004235183,0.000852266,0.2666623,0.2975523,0.4517418,0.02256262
"GSM990313",61,0.6439961,0.2831844,0,0.002697295,0.2055584,0.3336628,0.4425292,0.01270587
"GSM990314",52,0.6017746,0.2739479,0.002092588,0.003002558,0.1956421,0.2848255,0.4218499,0.02068473
"GSM990315",61,0.6506217,0.3246847,0.00489838,0.002004229,0.217021,0.2803665,0.4200913,0.02586878
"GSM990316",59,0.6557876,0.2637972,0,0.006645399,0.2547248,0.338528,0.453379,0.01591723
"GSM990317",57,0.5658005,0.2795386,0.004476193,0.00113998,0.2142756,0.2561496,0.4260256,0.02164091
"GSM990318",52,0.595024,0.2386694,0.006434307,0.002222098,0.2094338,0.2507371,0.4235046,0.0498261
"GSM990319",55,0.6264474,0.2680667,0.01061467,0.004429914,0.2867767,0.2867924,0.4611464,0.03883925
"GSM990320",59,0.6380655,0.2485101,0.002419634,0.0007545747,0.1745865,0.3091653,0.4364607,0.02737034
"GSM990321",59,0.6125104,0.2148897,0.008695772,0.005464195,0.2400908,0.3043105,0.4383455,0.02196544
"GSM990322",61,0.6186974,0.2977276,0.002926007,0,0.2461248,0.2744621,0.4469353,0.01972549
"GSM990323",46,0.5424914,0.2186693,0.003706505,0.001700963,0.2287226,0.2912335,0.4249054,0.02752386
"GSM990324",31,0.5153831,0.236859,0.002480991,0.001270256,0.1235271,0.2476265,0.3508173,0.02524269
"GSM990325",55,0.6035582,0.2576841,0.005061876,7.389784e-05,0.1654663,0.3126901,0.442905,0.006568176
"GSM990326",53,0.5528153,0.3025293,0,0.009913155,0.2207904,0.2560989,0.4017228,0.001217676
"GSM990327",42,0.5252157,0.293692,0,0,0.1718018,0.2305438,0.3691621,0
"GSM990328",59,0.6699464,0.2298722,0,0.006034563,0.3365401,0.2701514,0.439026,0.03752032
"GSM990329",50,0.5917516,0.2612394,0.006165927,0.009401676,0.2175935,0.2912115,0.4170784,0.02027263
"GSM990330",52,0.5932633,0.1907824,0.00751049,0,0.1961527,0.2912951,0.4109369,0.01413092
"GSM990331",45,0.5439798,0.2412092,0.006068578,0.000488109,0.2321991,0.3010683,0.4031456,0.02049038
"GSM990332",65,0.6085905,0.2943928,0.006894341,0.01186435,0.1920213,0.2812808,0.4070596,0.0111614
"GSM990333",59,0.6226103,0.2467324,0,0.0005354898,0.2351244,0.308461,0.4455403,0.01407089
"GSM990334",58,0.5986624,0.1995469,0.002191683,0.005505561,0.2666972,0.3002292,0.44517,0.03913178
"GSM990335",64,0.6739597,0.243471,0.001130259,0.0008141306,0.2847368,0.2690674,0.4583561,0.02715401
"GSM990336",61,0.6366262,0.28991,0.002464694,0.001768295,0.2325711,0.2887261,0.4384247,0.01516271
"GSM990337",67,0.6014139,0.2699447,0.003144782,0.007536449,0.1976773,0.2942638,0.4176142,0.01780455
"GSM990338",59,0.6353185,0.2744933,0.01388101,0.02033846,0.246699,0.329336,0.4297397,0.02627177
"GSM990339",58,0.6269367,0.2318541,0.00429105,0.001496096,0.1710573,0.2796657,0.4233158,0.02225977
"GSM990340",54,0.5481847,0.2726223,0.003838737,0.01055915,0.1771067,0.2774948,0.4058973,0.01843245
"GSM990341",57,0.6166175,0.2711861,0.009942694,0.003881406,0.2350059,0.29932,0.4313868,0.02447525
"GSM990342",60,0.6484277,0.2579845,0.002468156,0.02386272,0.2121705,0.2527903,0.4533085,0
"GSM990343",50,0.598914,0.1868122,0.001600725,0.005103697,0.1957796,0.31066,0.4282267,0.01778703
"GSM990344",57,0.5968573,0.2249483,0.006150532,0.00626784,0.2176162,0.313841,0.4382983,0.03617435
"GSM990345",66,0.6244575,0.2301966,0.001467375,0.005695731,0.2009594,0.285556,0.4469314,0.02418374
"GSM990346",44,0.5538158,0.2763728,0.0009862639,0,0.1704454,0.260464,0.4034813,0.02674829
"GSM990347",62,0.6042209,0.235828,0,0.0101586,0.1815083,0.2378827,0.3994431,0.0106326
"GSM990348",76,0.6423133,0.2252887,0.00523063,0.004619841,0.2606964,0.3203427,0.4697776,0.01262679
"GSM990349",48,0.5645384,0.2872271,0.00365134,0.00878557,0.1471222,0.253126,0.3930196,0.0154146
"GSM990350",46,0.5875615,0.2087568,0.003466951,0.002339419,0.1514643,0.2719666,0.4092571,0.03190393
"GSM990351",41,0.5926768,0.2875501,0.003992212,0.005606394,0.2012183,0.2835047,0.4152278,0.04265934
"GSM990352",59,0.6356154,0.3148658,0.002004204,0.005752054,0.1884531,0.2422081,0.4262348,0.01684811
"GSM990353",52,0.6125302,0.2771412,0.01070371,0.02595555,0.2268188,0.2766646,0.4410757,0.03315715
"GSM990354",50,0.5995725,0.3296431,0.001062623,0.001491419,0.2319908,0.2811362,0.4457551,0.02910066
"GSM990355",45,0.5786074,0.220434,0,0,0.2322635,0.2679078,0.3992126,0.009955192
"GSM990356",52,0.6298365,0.3477829,0.006406117,0.01025567,0.1886752,0.2716531,0.3968423,0.01339651
"GSM990357",54,0.6584588,0.318807,0,0.0006454518,0.3494794,0.295528,0.4693825,0.001976106
"GSM990358",62,0.7225923,0.1776358,0,0,0.3023547,0.3586448,0.4358501,0.0347851
"GSM990359",62,0.6083297,0.1739893,0,0.0006658101,0.2146754,0.2735376,0.4365133,0.01231958
"GSM990360",63,0.6633443,0.2606749,0,0.00956742,0.2750324,0.2662476,0.4446249,0.03333397
"GSM990361",55,0.6446975,0.2704268,0.00707968,0.01439089,0.2281114,0.2874353,0.4253123,0.02932517
"GSM990362",60,0.6638388,0.2388868,0.004660157,0.005429054,0.2628232,0.2579478,0.4600903,0.02947978
"GSM990363",65,0.5796906,0.2413769,0.003013241,0.00370762,0.2256555,0.3619437,0.3863586,0.02211855
"GSM990364",64,0.6561306,0.319813,0.005340356,0.003932402,0.3064063,0.3440247,0.4405392,0.02155066
"GSM990365",57,0.6552501,0.2326549,0.07313624,0.1527106,0.3154456,0.3342708,0.4632188,0.06920764
"GSM990366",63,0.6587797,0.3109721,0.004490839,0.002586046,0.2903216,0.2812863,0.4787005,0.007594048
"GSM990367",40,0.5573677,0.2604925,0.002008157,0.009457093,0.1255669,0.3119117,0.4058079,0.01462973
"GSM990368",57,0.6773084,0.2852589,0,0.005698414,0.2691923,0.2983749,0.4427053,0.02589095
"GSM990369",38,0.5688207,0.2885005,0.0001147816,0,0.1531356,0.2732209,0.3899658,0.0133516
"GSM990370",64,0.6676316,0.2419341,0,0,0.2462181,0.3153381,0.471477,0.005836737
"GSM990371",59,0.6585199,0.240248,0.0008994681,0.004587701,0.2651537,0.2452848,0.433129,0.01671344
"GSM990372",58,0.6430335,0.3163844,0,0,0.2272018,0.308904,0.4501668,0.04227727
"GSM990373",41,0.5698231,0.2046961,0.004286452,0.01336182,0.1235605,0.2595203,0.3745612,0.01359336
"GSM990374",58,0.6548464,0.3386882,0.0004423338,0.007504738,0.2095144,0.2711973,0.4116965,0.01376843
"GSM990375",26,0.5256757,0.2919645,0.005011371,0.002820845,0.1237142,0.2578093,0.3587805,0.01239322
"GSM990376",61,0.6224004,0.3153886,0,0.003252435,0.2168997,0.267092,0.4522435,0.00520852
"GSM990377",56,0.6517859,0.2157425,0.002732332,0,0.2028215,0.3150913,0.454538,0.02564635
"GSM990378",66,0.6789581,0.2881246,0.003431277,0.00251755,0.2591711,0.3358946,0.4568872,0.009200498
"GSM990379",62,0.6746085,0.3027371,0.0002387253,0.006691469,0.27305,0.2705466,0.4481001,0.007567541
"GSM990380",56,0.553442,0.1887641,0,0.002321091,0.1986934,0.2334309,0.4144831,0.02909593
"GSM990381",55,0.6401168,0.2661667,0,0.002699,0.2437834,0.2688296,0.452012,0.0133726
"GSM990382",61,0.6136215,0.2523832,0.0005399124,0.005193853,0.1694344,0.3017724,0.4402057,0.02716917
"GSM990383",58,0.6544306,0.1987706,0,0.001785297,0.2034548,0.2561193,0.4823215,0.01128301
"GSM990384",53,0.6582505,0.3457927,0.003561071,0,0.2482001,0.3579588,0.4291725,0.007273966
"GSM990385",63,0.6826398,0.2416818,0.003687702,0.006495595,0.2423477,0.3169187,0.4352272,0.01836501
"GSM990386",59,0.6017578,0.2829229,0.006687415,0.009151749,0.1654895,0.2603008,0.4007763,0.04244787
"GSM990387",61,0.5891272,0.258457,0.00360284,0.005948897,0.2153536,0.3182496,0.4107932,0.01568658
"GSM990388",66,0.6716267,0.3184404,0,0.009800279,0.2598363,0.2950435,0.4236073,0.03238434
"GSM990389",65,0.6425893,0.2815248,0.0004156568,0.004749915,0.2053583,0.3342323,0.4391212,0.01381506
"GSM990390",58,0.6719386,0.3149166,0.009269094,0.008351627,0.29648,0.3364958,0.4752001,0.02810996
"GSM990391",43,0.5462663,0.2971695,0.007349883,0.003467617,0.1423858,0.2258663,0.3848399,0.009507725
"GSM990392",55,0.6243407,0.2671648,0,0.01066149,0.2026662,0.3345851,0.424339,0.01051111
"GSM990393",47,0.5792117,0.2655059,0.004224843,0.005667396,0.1967365,0.2339033,0.4051309,0.002438099
"GSM990394",50,0.6633087,0.2731284,0.003124375,0.01028816,0.2733416,0.2517387,0.4264379,0.02481666
"GSM990395",46,0.6037562,0.3371983,0,0.005260761,0.2123094,0.3431155,0.434824,0.01028829
"GSM990396",54,0.5770513,0.319893,0.007688056,0.002236459,0.1849198,0.2662845,0.4021827,0.009008847
"GSM990397",80,0.7227577,0.3337418,0.001010966,0.003023981,0.2815583,0.2995632,0.454896,0.0231932
"GSM990398",83,0.7600116,0.2071016,0.008469507,0.01003711,0.3208867,0.2604114,0.4853123,0.05553702
"GSM990399",77,0.7024027,0.2408363,0.001469724,0.003914351,0.26764,0.2420197,0.4669079,0.02675599
"GSM990400",76,0.6819031,0.1844444,0.0004297961,0,0.2453657,0.3159938,0.4313819,0.00882066
"GSM990401",64,0.6568551,0.1733604,0.003967993,0.002918436,0.1908118,0.2945232,0.4382334,0.02234109
"GSM990402",70,0.6928867,0.2256545,0,0.006580194,0.2306913,0.3224381,0.4472018,0.01562301
"GSM990403",82,0.7833101,0.2025861,0.05706511,0.006606681,0.3651453,0.3212717,0.4548498,0.04254301
"GSM990404",58,0.710954,0.336638,0.00459527,0.0004074007,0.3029315,0.3016777,0.5434714,0.02285628
"GSM990405",66,0.68954,0.3735099,0.003739202,0.003300983,0.2093088,0.3459987,0.412943,0.01505639
"GSM990406",85,0.6393477,0.249568,0.004928883,0,0.2467335,0.309813,0.4520239,0.01171168
"GSM990407",66,0.710268,0.266294,0.01178818,0.01588983,0.2630079,0.2879902,0.4605607,0.009904791
"GSM990408",69,0.7320176,0.2225021,0,0.001959225,0.2580514,0.2619946,0.4501505,0.01057087
"GSM990409",84,0.7306742,0.2610457,0.0004277219,0.0002029251,0.3321322,0.3535575,0.4751177,0.01363265
"GSM990410",79,0.635353,0.2097882,0,0.004078741,0.1958871,0.2401438,0.439649,0.01093121
"GSM990411",64,0.6742131,0.2435198,0,0,0.194067,0.2534668,0.4051348,0.001389185
"GSM990412",78,0.7294212,0.2803825,0,0.003532375,0.2591625,0.2675688,0.4328785,0.002834715
"GSM990413",53,0.6021079,0.2137439,0.00817366,0,0.1681803,0.2673013,0.3822262,0.006522738
"GSM990414",59,0.6360856,0.2247381,0,0,0.2185779,0.2890553,0.4473216,0.02433761
"GSM990415",65,0.6575379,0.2232768,5.810288e-05,0,0.2805959,0.2906964,0.4485377,0.05828299
"GSM990416",61,0.6501921,0.1736646,0,0.005542575,0.2020184,0.2690306,0.4460989,0.009565517
"GSM990417",58,0.6117153,0.2452215,0,0.0004806137,0.1770715,0.2382071,0.4069724,0.009733669
"GSM990418",69,0.689551,0.2517246,0,0.0008726913,0.1937472,0.3366291,0.46947,0.005424618
"GSM990419",60,0.6176422,0.3077556,0,0.002180432,0.1565397,0.3409579,0.4256123,0.02184573
"GSM990420",65,0.6580718,0.295287,0.006945196,0.004411985,0.2545884,0.2705942,0.4312288,0.0009979055
"GSM990421",89,0.8175415,0.1905962,0,0.004581867,0.4183715,0.3090341,0.5221221,0.02921005
"GSM990422",74,0.8287407,0.167388,0,0.0004082292,0.3268492,0.3381701,0.4838272,0.01712898
"GSM990423",81,0.903033,0.365241,0,0.002772171,0.6568943,0.401473,0.6551761,0.09139005
"GSM990424",68,0.6698493,0.238886,0.0006651754,0.002821172,0.2447553,0.3450106,0.465781,0.009641653
"GSM990425",68,0.6708084,0.2629445,0,0.002511171,0.195696,0.2920563,0.4452444,0.008723432
"GSM990426",65,0.6993982,0.3973261,0.007918267,0,0.2554733,0.2817372,0.4468923,0.01847865
"GSM990427",90,0.7973915,0.2124692,0.004799726,0.03985757,0.3884628,0.2793866,0.5055804,0.01433875
"GSM990428",66,0.7357655,0.1888611,0,0.0007376182,0.2397117,0.2479547,0.4501298,0.01595921
"GSM990429",79,0.6697765,0.2182952,0.04062375,0,0.2384139,0.3248551,0.5332257,0.03428537
"GSM990430",57,0.6222295,0.2095271,0,0,0.1975826,0.298201,0.3953255,0.0191555
"GSM990431",76,0.7063897,0.2806813,0,0.02515686,0.2928267,0.3512401,0.454589,0.002260645
"GSM990432",79,0.7410145,0.2022876,0.001390324,0.01021596,0.333941,0.3807969,0.4947895,0.0613633
"GSM990433",49,0.5730635,0.2160053,4.973451e-05,0,0.1676783,0.2798421,0.4073542,0.008882342
"GSM990434",92,0.7834378,0.1903926,0,0.006937444,0.3332273,0.3215579,0.5066571,0.03373453
"GSM990435",66,0.6474568,0.1738906,0,0.0001951856,0.1321403,0.2716006,0.4163483,0.01440905
"GSM990436",59,0.6221716,0.2653091,0,0,0.2089497,0.2844754,0.4264081,0.008229556
"GSM990437",76,0.6498323,0.2712565,0,0,0.1899422,0.2455375,0.4211547,0.001419568
"GSM990438",56,0.6189766,0.2288573,0,0,0.2043764,0.3391974,0.432257,0.01426581
"GSM990439",52,0.6234835,0.1862486,0.005172521,0.002972827,0.1635954,0.2594018,0.4105575,0.00227053
"GSM990440",65,0.6785294,0.2539898,0.005410856,0.006148858,0.2694117,0.3168371,0.4596091,0.02271336
"GSM990441",73,0.6714746,0.2166776,0.003343854,0.0008419769,0.2260552,0.2551617,0.4411259,0.02475096
"GSM990442",65,0.6872765,0.2838769,0.006669581,0,0.2182792,0.3134657,0.4467134,0.004624572
"GSM990443",84,0.7357735,0.205456,0.004455147,0.008391649,0.2214421,0.3060092,0.4868564,0.01542939
"GSM990444",51,0.5462273,0.2255711,0.002454393,0.005351241,0.1457066,0.2970348,0.4138298,0.009303035
"GSM990445",78,0.6808974,0.2126715,0.002074327,0.007550177,0.2309166,0.3440644,0.4488877,0.013455808
"GSM990446",53,0.6360672,0.2844215,0.002679842,0,0.2021589,0.2518008,0.4325849,0.002117408
"GSM990447",68,0.7326288,0.1710786,0.0006983882,0.00409173,0.3237855,0.3767367,0.493051,0.02485618
"GSM990448",52,0.6144506,0.2339516,0.006845428,0.00104471,0.1738195,0.338586,0.4172379,0.004156541
"GSM990449",72,0.6868395,0.2237042,0.001241029,0.002214441,0.1650896,0.2989965,0.4622153,0.004165711
"GSM990450",48,0.5848533,0.1886133,0.0001668872,0,0.1384932,0.2999562,0.4010789,0.01097488
"GSM990451",60,0.619598,0.2440114,0,0.01401299,0.1829577,0.3637235,0.4220315,0.01186033
"GSM990452",61,0.8278534,0.1325205,0.005260936,0,0.3474304,0.3157143,0.5053175,0.01416409
"GSM990453",69,0.6758384,0.2333031,0.001413852,0.00347119,0.2130252,0.3074761,0.4596348,0.01066174
"GSM990454",81,0.7675956,0.2818034,0.006870273,0.006137104,0.3067228,0.3098046,0.4943113,0.01532966
"GSM990455",56,0.6154546,0.2503393,0.003182151,0.005360757,0.09050001,0.3756794,0.4382824,0.02815965
"GSM990456",79,0.657737,0.241863,0.0006074923,0.001202819,0.1901285,0.2863041,0.4164526,0.002590634
"GSM990457",82,0.7831188,0.215498,0.003721277,0.003262978,0.2940753,0.4022056,0.4901972,0.02091191
"GSM990458",58,0.6013246,0.235574,0,0.001563238,0.1961144,0.3043315,0.4161174,0.02353719
"GSM990459",75,0.7029012,0.2873326,0.003073131,0.007098654,0.2696539,0.3416334,0.4513236,0.01810756
"GSM990460",78,0.7265052,0.2699329,0.004702609,0.02643757,0.2607285,0.3288599,0.4565255,0.01636849
"GSM990461",57,0.6047568,0.3094377,0.003483702,0.004270738,0.2102846,0.277447,0.402669,0.01277897
"GSM990462",70,0.8047447,0.1789398,0.004587564,0.001608943,0.3965617,0.2270357,0.459421,0.01441944
"GSM990463",77,0.7641702,0.232618,0.009238417,0.01207745,0.3215617,0.3410454,0.4827746,0.04311908
"GSM990464",56,0.6258761,0.252771,0.008307653,0.01263702,0.178636,0.249256,0.4166385,0.01101392
"GSM990465",67,0.7037525,0.2024535,0.005950541,0.007168321,0.2255252,0.2802329,0.4573041,0.01849844
"GSM990466",76,0.6621816,0.2194733,0.003361578,0,0.2274968,0.2710087,0.450145,0.005365238
"GSM990467",89,0.8147737,0.1497004,0.001134795,0.003469781,0.3328747,0.2674946,0.5029131,0.01831253
"GSM990468",69,0.7256078,0.204032,0.001439866,0.001006048,0.2789751,0.3526101,0.4875908,0.009051362
"GSM990469",79,0.7163388,0.2891283,0,0.0009577208,0.1880311,0.3241523,0.4605734,0
"GSM990470",80,0.7459987,0.1823589,0.01272692,0.009421431,0.2036037,0.24669,0.4442595,0.02251729
"GSM990471",76,0.7066053,0.1396452,0.003129199,0.003727381,0.1882859,0.2243106,0.4500267,0.01069561
"GSM990472",48,0.5925124,0.2158093,0.0007100704,0.000436299,0.1259713,0.263005,0.407584,0.01021743
"GSM990473",61,0.6752193,0.2161861,0.002758756,0.005130084,0.1991186,0.3194989,0.4297807,0.00461331
"GSM990474",52,0.6358778,0.1988466,0.001452725,0,0.1559985,0.2768795,0.4048492,0.008562047
"GSM990475",69,0.7042474,0.240427,0.0003004239,0,0.2233931,0.2932127,0.4629084,0.01007811
"GSM990476",41,0.5876287,0.2408325,0,0.001105656,0.1086669,0.2543083,0.3912641,0.01671347
"GSM990477",69,0.6771802,0.2069244,0.005085854,0.005354599,0.2257202,0.2700604,0.4471417,0.04636744
"GSM990478",65,0.6269121,0.2960086,0.003886341,0.003624707,0.1793309,0.2905021,0.4318477,0.01021118
"GSM990479",45,0.5782576,0.2693402,0.007567394,0.008007267,0.1975133,0.314599,0.4219141,0.04470971
"GSM990480",66,0.5288252,0.2591565,0.002527954,0.007505578,0.1381887,0.2269923,0.3636613,0.01532275
"GSM990481",76,0.6994835,0.196295,0.002088681,0.01155083,0.2778073,0.3353497,0.462306,0.03070337
"GSM990482",76,0.7296025,0.1969189,0.003708475,0.02308113,0.2044146,0.3092251,0.4426243,0.02138237
"GSM990483",45,0.5708764,0.4178207,0,0,0.1839217,0.4542989,0.4022794,0.006299948
"GSM990484",71,0.683485,0.1567712,0.006101366,0.007239602,0.2139477,0.2084244,0.4718974,0.008489899
"GSM990485",52,0.5946332,0.2304829,0.00851162,0.03100305,0.1873926,0.2583442,0.3911737,0.02714929
"GSM990486",84,0.7866474,0.2119008,0.004935805,0.002494302,0.3350382,0.2651276,0.483237,0.01341054
"GSM990487",57,0.6465232,0.236801,0,0,0.2372495,0.2417165,0.4315095,0.005482739
"GSM990488",68,0.6546407,0.227649,0.006121329,0.01511094,0.2446982,0.2991665,0.4427874,0.01117311
"GSM990489",74,0.6891956,0.3775291,0,0.00405424,0.220915,0.2856782,0.4492682,0.006620191
"GSM990490",33,0.481078,0.2731993,0.002263039,0.009959475,0.1324929,0.2958056,0.3478762,0.005255103
"GSM990491",68,0.7286779,0.2658147,0.002121084,0.01197836,0.3586337,0.303646,0.4926818,0.03023164
"GSM990492",73,0.7827091,0.369835,0,0.009814045,0.3029781,0.2870249,0.4567303,0.009955283
"GSM990493",79,0.6936047,0.2658303,0.001791673,0.008072377,0.27869,0.3033405,0.4533632,0.01839498
"GSM990494",72,0.7427804,0.1826988,0.001474358,0.0009230983,0.2638684,0.3158211,0.422123,0.02103114
"GSM990495",78,0.7047215,0.1911344,0,0.0006279313,0.2284568,0.2562791,0.4496402,0.02282322
"GSM990496",68,0.6947247,0.3036798,0,0.004440079,0.2420604,0.2744827,0.4759952,0
"GSM990497",52,0.5847803,0.2660623,0,0.0006296795,0.222085,0.3492642,0.4226437,0.02232838
"GSM990498",64,0.6769202,0.2185025,0.00352414,0.01057762,0.274885,0.3068334,0.4341697,0.01143469
"GSM990499",27,0.4922997,0.2294651,0,0.01350764,0.1188963,0.2627078,0.3612785,0.0244223
"GSM990500",29,0.4817381,0.2050553,0.003206992,0.0004270416,0.1004099,0.2229737,0.3451997,0.02300637
"GSM990501",44,0.6270897,0.2542552,0.008793813,0,0.2085992,0.3173573,0.4154739,0
"GSM990502",41,0.5945579,0.2695545,0.04465325,0.07901772,0.167069,0.2551943,0.4005837,0.008811045
"GSM990503",45,0.5863045,0.225452,0.003736376,0.001209809,0.1708492,0.2524761,0.401228,0.01031899
"GSM990504",27,0.5169337,0.2138274,0,0.008363369,0.1179209,0.2295307,0.3700518,0.03868183
"GSM990505",48,0.6355251,0.3154449,0,0.00850496,0.2193585,0.2888177,0.4185632,0.02139358
"GSM990506",56,0.6297122,0.2588151,0,0.005899583,0.2063435,0.26473,0.4184762,0.004090026
"GSM990507",34,0.4867789,0.217298,0.005190615,0.004994696,0.08652686,0.2755269,0.3676963,0.007252081
"GSM990508",69,0.6125824,0.2169203,0.00486705,0.01262469,0.2251208,0.3411729,0.4257236,0.02652441
"GSM990509",56,0.6065171,0.1163374,0.00193446,0.001870332,0.2428817,0.2481126,0.4165728,0.01238375
"GSM990510",47,0.5734088,0.1699817,0.00748741,0.00254638,0.2084824,0.267934,0.3558371,0.01571009
"GSM990511",56,0.636476,0.213283,0.003263465,0.006112475,0.2289934,0.2695071,0.4106059,0.02422404
"GSM990512",60,0.6577975,0.3688425,0.0009552086,0.001951712,0.2610889,0.3200784,0.4809522,0.02092437
"GSM990513",75,0.6925434,0.2326598,0.003821475,0.004564547,0.282773,0.3125109,0.4626717,0.007450278
"GSM990514",60,0.5894263,0.185276,0.0005685901,0.008201354,0.1409077,0.2081108,0.4175513,0.009017834
"GSM990515",47,0.5810211,0.1990225,0.004795893,0.001196677,0.1425545,0.2039198,0.3824553,0.002112359
"GSM990516",55,0.6310916,0.2512459,0,0.007349251,0.2176185,0.272479,0.4234394,0.02638203
"GSM990517",32,0.5055727,0.2681402,0.002767003,0.0001894981,0.1005326,0.2896339,0.3782517,0.01163955
"GSM990518",23,0.4008706,0.2043333,0.002478372,0.006634844,0.0671151,0.2484402,0.3134509,0.01979426
"GSM990519",43,0.5162305,0.252609,0.005952685,0.008484994,0.174601,0.237251,0.3847323,0.01490297
"GSM990520",47,0.5473874,0.2469198,0.03015869,0.05975323,0.1883758,0.3512826,0.3868138,0.020758
"GSM990521",44,0.6159779,0.2657177,0.00650815,0.00912697,0.2048677,0.2967663,0.3938972,0.0203156
"GSM990522",37,0.5717525,0.2233349,0.0112223,0.002957784,0.1761653,0.2522019,0.4079325,0.02815837
"GSM990523",27,0.4890275,0.1899367,0.001440344,0.006505351,0.1177983,0.282068,0.3588684,0.04515323
"GSM990524",69,0.6855939,0.2533504,0.02713797,0.03241457,0.2427568,0.2276404,0.4270985,0.03751672
"GSM990525",28,0.4898466,0.2660743,0.004026971,0.0041275,0.1178094,0.2304423,0.356725,0.02487214
"GSM990526",51,0.6115309,0.3102404,0,0,0.27474,0.3637092,0.4293155,0.01954467
"GSM990527",57,0.6320171,0.2383778,0,0.007305608,0.2912349,0.2793615,0.4354326,0.02561543
"GSM990528",19,0.4450968,0.2835744,0,0.004043454,0.1093399,0.2660375,0.3508839,0.008966005
"GSM990529",44,0.5833996,0.3757657,0,0.004260798,0.190985,0.2432074,0.4133574,0.001944735
"GSM990530",49,0.5859081,0.2187684,0.01043881,0.008912775,0.2222275,0.322316,0.4306105,0.018171
"GSM990531",34,0.4929496,0.2279088,0.001507854,0.003858753,0.1305372,0.3059179,0.3461125,0.01630122
"GSM990532",44,0.5716125,0.2678263,0.004145413,0.004620515,0.2135995,0.2744712,0.4084634,0.01992877
"GSM990533",62,0.6650081,0.3054423,0.001000258,0.01626539,0.3061464,0.3225145,0.4630148,0.01661963
"GSM990534",30,0.5260746,0.2653494,0.003031278,0.004330234,0.1742726,0.2508878,0.3825486,0.0142569
"GSM990535",49,0.6006173,0.3106291,0.01222057,0.002825439,0.212585,0.2876827,0.4060372,0.01192227
"GSM990536",36,0.5499163,0.1744937,0,0.006369837,0.1023581,0.2692114,0.3863588,0.01258559
"GSM990537",25,0.4613742,0.253095,0.002562091,0.001297362,0.1339658,0.2390365,0.341686,0.01737072
"GSM990538",36,0.5459653,0.2369421,0.002711498,0.004759901,0.1834083,0.3576173,0.391816,0.02626999
"GSM990539",21,0.4629988,0.2192664,0.00289355,0.01080816,0.1168759,0.2326969,0.3581515,0.01437179
"GSM990540",40,0.576126,0.2570432,0.002479963,0.007649632,0.2025943,0.3129651,0.4017989,0.02670669
"GSM990541",22,0.470802,0.1969434,0,0.009853058,0.1291213,0.2208459,0.3420202,0.02179001
"GSM990542",36,0.5702467,0.3196434,0,0.009094527,0.1848191,0.3536747,0.3977727,0.009067439
"GSM990543",58,0.6283415,0.2647409,0.006176663,0.01907049,0.2457795,0.2851634,0.4198962,0.01388939
"GSM990544",83,0.7148234,0.1738016,0.00238757,0.01243542,0.3498428,0.2821505,0.4599414,0.02375424
"GSM990545",69,0.7152367,0.2748432,0.002848017,0.001861786,0.3006221,0.2495546,0.4498205,0.0249356
"GSM990546",89,0.6975005,0.1457224,0.003043531,0.004436191,0.267,0.2259471,0.4385398,0.01976991
"GSM990547",89,0.73677,0.2076193,0,0.005070571,0.3458187,0.2971087,0.4812691,0.05838512
"GSM990548",66,0.669444,0.2289465,0.003267779,0.007917053,0.3201788,0.3610972,0.4322377,0.02888173
"GSM990549",55,0.6466323,0.216917,0.005431787,0.001990208,0.2821454,0.269627,0.4329863,0.01636187
"GSM990550",82,0.7002082,0.2596211,0.002238481,0.004667749,0.3381033,0.2693708,0.4801041,0.006822216
"GSM990551",73,0.6774442,0.2390732,0.00510571,0.01680692,0.2947279,0.3002197,0.4488238,0.01705662
"GSM990552",77,0.7384589,0.16131,0,0.008944916,0.2858939,0.2488279,0.4326765,0.01555499
"GSM990553",80,0.7006201,0.2751035,0.004163091,0.01584826,0.3547108,0.2795542,0.4538484,0.03936746
"GSM990554",79,0.672001,0.2414374,0.006595789,0.01606533,0.3312573,0.3408237,0.4449018,0.06129693
"GSM990555",73,0.7197965,0.2668648,0,0.004936717,0.3611817,0.3660495,0.4412836,0.03176241
"GSM990556",82,0.7757676,0.1948612,0.003853235,0.003684741,0.318751,0.4001513,0.4257908,0.008166064
"GSM990557",85,0.7834255,0.1569051,0.003169489,0.004298251,0.4017273,0.3265726,0.5188468,0.02053095
"GSM990558",91,0.6954004,0.2092363,0.003208784,0.003967804,0.3447731,0.387848,0.4711986,0.04882437
"GSM990559",85,0.7064052,0.2856729,0.0008702928,0.009805048,0.3370968,0.2999845,0.4745373,0.03175561
"GSM990560",86,0.7886863,0.2897854,0.003523221,0.02693803,0.4015264,0.4686707,0.4890746,0.04586085
"GSM990561",74,0.7535211,0.2677794,0.001369631,0.01970981,0.3852931,0.3252203,0.4758069,0.008962386
"GSM990562",90,0.7761794,0.1478976,0.006288579,0.008862238,0.3903249,0.2829369,0.4868394,0.03163301
"GSM990563",87,0.6933384,0.1867271,0.005020712,0.01017182,0.3025318,0.2629337,0.4288326,0.05483138
"GSM990564",76,0.7281322,0.2612384,0.006445602,0.007018858,0.3562946,0.3348972,0.4850897,0.05849582
"GSM990565",81,0.7462522,0.1768621,0.001376008,0.01134919,0.3112467,0.297283,0.5043998,0.03917606
"GSM990566",59,0.6307549,0.2910484,0.001584647,0.02085119,0.2498051,0.2894067,0.4380973,0.02122758
"GSM990567",73,0.6929808,0.2560739,0.004345113,0.002454901,0.268697,0.413986,0.4890072,0.03137764
"GSM990568",76,0.7106773,0.1951106,0,0,0.2762787,0.3037509,0.4524528,0.00249625
"GSM990569",85,0.8824711,0.1661247,0.01178918,0.00705658,0.5702244,0.2693142,0.5881231,0.04572839
"GSM990570",69,0.643748,0.2375497,0.001411873,0.008328373,0.2803649,0.2513638,0.4369389,0.01680809
"GSM990571",85,0.7569293,0.278738,0.006778739,0.008460006,0.4204158,0.2982658,0.4865435,0.02124926
"GSM990572",85,0.7784559,0.3508516,0.002225489,0.008651628,0.3857686,0.3430612,0.520022,0.01107399
"GSM990573",84,0.6941501,0.1883763,0.004876502,0.006022121,0.4082284,0.3641584,0.5010833,0.02266016
"GSM990574",83,0.6998417,0.3340125,0.002882321,0.05664336,0.2804202,0.300779,0.4678433,0.002177792
"GSM990575",67,0.6538113,0.1970328,0.006051178,0.01759518,0.2521178,0.3306692,0.428217,0.01247368
"GSM990576",85,0.7823327,0.2306314,0.004596108,0.008246827,0.3526713,0.4045516,0.4553654,0.02640182
"GSM990577",76,0.7493821,0.1755096,0.002050918,0.0238279,0.3953186,0.2696033,0.501694,0.006684847
"GSM990578",87,0.7793955,0.2098975,0,0.01130969,0.4298598,0.2424819,0.5207183,0.03227741
"GSM990579",84,0.8212017,0.2255635,0,0,0.362343,0.2805851,0.5200831,0.0101699
"GSM990580",82,0.7428104,0.279349,0.00411941,0.007493238,0.3512518,0.4094256,0.4864103,0.07221484
"GSM990581",93,0.7963235,0.1965238,0.008226262,0.00521811,0.4464518,0.3561656,0.4857919,0.01195098
"GSM990582",71,0.7155493,0.218531,0.004524424,0.008359461,0.3040219,0.3354658,0.4263352,0.03408901
"GSM990583",80,0.7380632,0.2596574,0,0,0.3341376,0.3367855,0.4809315,0.03375188
"GSM990584",88,0.750221,0.3476874,0.001180588,0,0.357581,0.2558816,0.4808249,0.01697943
"GSM990585",72,0.7407181,0.2332123,0,0.004717787,0.3049955,0.2932505,0.424067,0.02392169
"GSM990586",77,0.683559,0.2204195,0.002164644,0.01157637,0.3020988,0.2672568,0.4750145,0.01695656
"GSM990587",56,0.6119416,0.1986002,0.007905563,0.005532044,0.2413948,0.3000918,0.4121459,0.02479821
"GSM990588",92,0.7812665,0.1744234,0.003402644,0.01440288,0.4426488,0.3895651,0.5310139,0.02159225
"GSM990589",78,0.7813179,0.1955258,0.007527305,0.001684061,0.337578,0.2623259,0.5059994,0.01340814
"GSM990590",71,0.6850836,0.2103242,0.005116014,0.008542164,0.3119744,0.3155587,0.4428406,0.02176585
"GSM990591",89,0.6990589,0.2138389,0.00596407,0.004652465,0.2752078,0.336893,0.4493772,0.01403307
"GSM990592",54,0.6403271,0.2023167,0.00214674,0.006100733,0.2022354,0.3061995,0.4420887,0.0215856
"GSM990593",66,0.7086174,0.2051816,0.00522055,0.009304219,0.3180524,0.3449094,0.4675727,0.0241408
"GSM990594",75,0.7586859,0.25973,0.007411452,0.003500336,0.3790587,0.3337258,0.481093,0.0346382
"GSM990595",90,0.9065529,0.279111,0.02051461,0.08233958,0.6276782,0.4264685,0.6316109,0.07448901
"GSM990596",66,0.6367549,0.2423346,0,0.01163902,0.2162004,0.2876132,0.4257025,0.02072907
"GSM990597",77,0.7321268,0.3284788,0.004486765,0.007622035,0.3656357,0.2926385,0.4708578,0.01560355
"GSM990598",82,0.7104399,0.2576815,0.003674128,0.01257669,0.3301668,0.2938534,0.485407,0.008979955
"GSM990599",65,0.7135342,0.2995659,0.002464718,0.009312824,0.3387303,0.3167597,0.4904702,0.01858195
"GSM990600",58,0.6381899,0.2226281,0.009440298,0.005751935,0.2890273,0.341402,0.4365889,0.03206624
"GSM990601",75,0.6905584,0.3310678,0.0008254501,0.009772671,0.3153709,0.282199,0.4683006,0.02664165
"GSM990602",88,0.7943522,0.2338222,0.005228796,0.0021564,0.3326756,0.3849028,0.5277322,0.0182456
"GSM990603",74,0.687021,0.2707183,0.003437798,0.009617896,0.3051215,0.2873639,0.4627579,0.02983375
"GSM990604",69,0.6619135,0.3170602,0,0.003750062,0.2670127,0.3988971,0.4459191,0.00700968
"GSM990605",83,0.775323,0.1861077,0.01187019,0.03714489,0.3812879,0.2629848,0.4957006,0.04317003
"GSM990606",83,0.8005237,0.2689136,0.009674925,0.006831574,0.3491036,0.4407376,0.4993228,0.00584082
"GSM990607",70,0.6592809,0.2620966,0.004294932,0.004488005,0.2810314,0.3674022,0.4781321,0.01638566
"GSM990608",64,0.6354481,0.2578228,0.00348386,0.004163401,0.2883094,0.2843771,0.4494842,0.01909387
"GSM990609",50,0.6681631,0.303855,0,0,0.2880696,0.2815425,0.4628981,0.008332995
"GSM990610",74,0.7408659,0.2264825,0.005383021,0.00398718,0.5125732,0.3876419,0.5692585,0.01423142
"GSM990611",69,0.699774,0.2306714,0.004761252,0.002625719,0.2879235,0.3268344,0.4729877,0.01651099
"GSM990612",86,0.7873964,0.1969812,0.005203088,0.002790496,0.3027427,0.3075769,0.49204,0.02264578
"GSM990613",66,0.7501244,0.2502542,0,0,0.3235316,0.2354342,0.4733117,0.01845532
"GSM990614",70,0.683252,0.3526591,0.001649875,0.001935111,0.2571167,0.258609,0.4583195,0.01491463
"GSM990615",89,0.7752676,0.2056214,0.003707964,0.005383678,0.4368815,0.5235581,0.4928217,0
"GSM990616",78,0.7413105,0.1908708,0.005394975,0,0.357184,0.3328582,0.5249544,0.008739165
"GSM990617",69,0.719421,0.2816103,0,0.006225849,0.3610195,0.2739533,0.4961912,0.01084762
"GSM990618",64,0.6852953,0.320269,0.0007906181,0.003944099,0.2894059,0.3304194,0.4778403,0.01312812
"GSM990619",79,0.7429069,0.2910555,0.0008829062,0,0.3509706,0.3039714,0.4878423,0.00987457
"GSM990620",92,0.7179129,0.2496406,0.001620032,0.008894929,0.3440855,0.3311683,0.4627884,0.01298668
"GSM990621",70,0.7355309,0.2414132,0.007246855,0.006301549,0.3064184,0.2803992,0.4972564,0.009416725
"GSM990622",77,0.8486431,0.4087305,0.0003331239,0.001158856,0.4672526,0.2951227,0.6475166,0.0082396053
"GSM990623",78,0.6864297,0.2640622,0.003475241,0.004038226,0.3031701,0.3034374,0.4601116,0.02084388
"GSM990624",71,0.6894109,0.2652494,0,0.002475649,0.291528,0.2685106,0.4498439,0.02313114
"GSM990625",68,0.6800864,0.2096688,0.004436906,0,0.2562579,0.2467973,0.4557048,0.02506447
"GSM990626",61,0.6976902,0.2545159,0.01092825,0.005764004,0.3205276,0.2599368,0.491282,0.01405246
"GSM990627",73,0.7854201,0.223517,0.007561378,0.007422837,0.3250326,0.4746825,0.4946061,0.02230005
