"Sample","Ground_Truth","Predicted","Difference"
"GSM989827","67","72.7760666666667",5.77606666666669
"GSM989828","89","68.0284666666667",-20.9715333333333
"GSM989829","66","71.7301",5.73009999999999
"GSM989830","64","74.2657333333333",10.2657333333333
"GSM989831","62","73.2151333333333",11.2151333333333
"GSM989832","87","73.9021666666666",-13.0978333333334
"GSM989833","73","73.764",0.763999999999996
"GSM989834","75","69.3109333333334",-5.6890666666666
"GSM989835","73","77.986",4.986
"GSM989836","83","69.6744",-13.3256
"GSM989837","82","74.9212",-7.0788
"GSM989838","48","68.6539",20.6539
"GSM989839","77","72.7763",-4.22369999999999
"GSM989840","54","71.8404666666667",17.8404666666667
"GSM989841","63","71.8371666666667",8.8371666666667
"GSM989842","71","72.8248",1.8248
"GSM989843","68","70.7053666666667",2.70536666666671
"GSM989844","80","70.0926333333333",-9.9073666666667
"GSM989845","92","70.2666666666667",-21.7333333333333
"GSM989846","60","70.7844333333334",10.7844333333334
"GSM989847","79","76.0602666666667",-2.93973333333329
"GSM989848","68","72.2254333333333",4.2254333333333
"GSM989849","93","77.5437666666666",-15.4562333333334
"GSM989850","84","70.5982",-13.4018
"GSM989851","74","76.5472666666666",2.5472666666666
"GSM989852","74","77.3718666666666",3.37186666666661
"GSM989853","76","76.5238",0.523799999999994
"GSM989854","56","75.5078333333333",19.5078333333333
"GSM989855","72","73.8737333333333",1.87373333333331
"GSM989856","75","76.3040666666666",1.3040666666666
"GSM989857","79","75.1769333333333",-3.8230666666667
"GSM989858","73","70.8114333333334",-2.1885666666666
"GSM989859","82","78.1675333333333",-3.8324666666667
"GSM989860","74","72.6595333333333",-1.3404666666667
"GSM989861","79","67.9066333333334",-11.0933666666666
"GSM989862","54","70.7483666666666",16.7483666666666
"GSM989863","101","71.5902333333334",-29.4097666666666
"GSM989864","79","78.1383",-0.861699999999999
"GSM989865","84","75.7171",-8.2829
"GSM989866","85","76.3256666666667",-8.67433333333329
"GSM989867","87","69.2576333333333",-17.7423666666667
"GSM989868","74","70.1661",-3.8339
"GSM989869","77","77.9064",0.906400000000005
"GSM989870","73","72.7722333333333",-0.227766666666696
"GSM989871","87","74.1018666666667",-12.8981333333333
"GSM989872","85","71.7885666666667",-13.2114333333333
"GSM989873","88","75.8163",-12.1837
"GSM989874","66","75.9872",9.9872
"GSM989875","78","77.5257666666667",-0.474233333333302
"GSM989876","53","70.6606",17.6606
"GSM989877","76","71.1912",-4.80880000000001
"GSM989878","67","73.4237",6.4237
"GSM989879","73","71.8132",-1.18680000000001
"GSM989880","54","75.3981666666666",21.3981666666666
"GSM989881","73","76.6517",3.65170000000001
"GSM989882","96","78.0432333333333",-17.9567666666667
"GSM989883","57","72.8202666666667",15.8202666666667
"GSM989884","76","75.2285",-0.771500000000003
"GSM989885","47","69.0876666666667",22.0876666666667
"GSM989886","54","73.2995666666667",19.2995666666667
"GSM989887","73","75.1372333333333",2.1372333333333
"GSM989888","84","76.5826",-7.4174
"GSM989889","62","75.4774333333334",13.4774333333334
"GSM989890","89","73.8009666666667",-15.1990333333333
"GSM989891","68","74.0301666666667",6.0301666666667
"GSM989892","62","67.9807666666667",5.9807666666667
"GSM989893","79","74.9833666666667",-4.0166333333333
"GSM989894","72","71.8199333333333",-0.180066666666704
"GSM989895","69","73.6132333333333",4.6132333333333
"GSM989896","55","68.2859",13.2859
"GSM989897","73","76.6912333333333",3.6912333333333
"GSM989898","79","76.5340666666666",-2.4659333333334
"GSM989899","72","73.2721333333333",1.2721333333333
"GSM989900","89","77.2179666666667",-11.7820333333333
"GSM989901","79","75.3733",-3.6267
"GSM989902","85","74.7452",-10.2548
"GSM989903","68","76.8466666666667",8.84666666666671
"GSM989904","89","74.5382",-14.4618
"GSM989905","73","78.2803666666666",5.28036666666659
"GSM989906","63","72.6251333333333",9.6251333333333
"GSM989907","78","73.8108",-4.1892
"GSM989908","65","75.6571333333333",10.6571333333333
"GSM989909","65","72.4469666666667",7.4469666666667
"GSM989910","89","70.6234333333334",-18.3765666666666
"GSM989911","85","74.3911333333333",-10.6088666666667
"GSM989912","66","69.0310333333333",3.0310333333333
"GSM989913","76","75.8738666666666",-0.126133333333399
"GSM989914","74","75.9372333333333",1.9372333333333
"GSM989915","84","74.2244333333334",-9.77556666666661
"GSM989916","71","77.7094333333333",6.70943333333329
"GSM989917","49","67.2114",18.2114
"GSM989918","69","76.9447333333333",7.9447333333333
"GSM989919","63","69.6651666666667",6.66516666666671
"GSM989920","66","72.0852333333333",6.08523333333331
"GSM989921","85","74.4666666666667",-10.5333333333333
"GSM989922","76","74.4833",-1.5167
"GSM989923","84","76.5762",-7.4238
"GSM989924","59","68.5204",9.5204
"GSM989925","70","69.8803333333333",-0.119666666666703
"GSM989926","65","71.5836666666667",6.5836666666667
"GSM989927","68","74.4660333333333",6.4660333333333
"GSM989928","84","74.9621666666667",-9.0378333333333
"GSM989929","75","73.4971666666667",-1.5028333333333
"GSM989930","51","72.2492666666666",21.2492666666666
"GSM989931","63","76.5487",13.5487
"GSM989932","69","73.4207333333334",4.4207333333334
"GSM989933","78","74.8477666666667",-3.1522333333333
"GSM989934","78","67.2337333333333",-10.7662666666667
"GSM989935","52","73.7648666666666",21.7648666666666
"GSM989936","49","75.5761666666666",26.5761666666666
"GSM989937","53","76.6772666666667",23.6772666666667
"GSM989938","59","75.4884",16.4884
"GSM989939","62","72.7711333333333",10.7711333333333
"GSM989940","46","72.2191",26.2191
"GSM989941","68","75.2184666666666",7.2184666666666
"GSM989942","74","77.5120666666667",3.5120666666667
"GSM989943","59","74.3894",15.3894
"GSM989944","76","75.5952",-0.404799999999994
"GSM989945","54","71.6749333333333",17.6749333333333
"GSM989946","59","75.7922999999999",16.7922999999999
"GSM989947","48","69.7347333333333",21.7347333333333
"GSM989948","45","66.5805333333333",21.5805333333333
"GSM989949","62","69.9796666666667",7.9796666666667
"GSM989950","63","73.4699333333333",10.4699333333333
"GSM989951","80","69.8870666666667",-10.1129333333333
"GSM989952","60","71.2435333333333",11.2435333333333
"GSM989953","71","75.0443333333333",4.0443333333333
"GSM989954","67","70.2025",3.2025
"GSM989955","50","72.385",22.385
"GSM989956","86","78.0343666666666",-7.9656333333334
"GSM989957","70","71.7228333333333",1.7228333333333
"GSM989958","54","71.4474666666667",17.4474666666667
"GSM989959","69","76.2098333333333",7.20983333333329
"GSM989960","76","77.5140333333333",1.5140333333333
"GSM989961","58","75.8573333333333",17.8573333333333
"GSM989962","58","70.0243666666667",12.0243666666667
"GSM989963","64","76.0090333333333",12.0090333333333
"GSM989964","73","71.5908333333333",-1.40916666666671
"GSM989965","49","66.1975333333333",17.1975333333333
"GSM989966","56","65.3252333333334",9.3252333333334
"GSM989967","75","69.4602",-5.5398
"GSM989968","48","72.1671",24.1671
"GSM989969","81","74.5324",-6.4676
"GSM989970","72","71.5254666666667",-0.474533333333298
"GSM989971","61","70.4979666666667",9.4979666666667
"GSM989972","50","68.6878",18.6878
"GSM989973","69","71.8518",2.8518
"GSM989974","65","72.389",7.389
"GSM989975","47","63.8231",16.8231
"GSM989976","43","62.2991",19.2991
"GSM989977","55","70.6908",15.6908
"GSM989978","54","70.9759666666667",16.9759666666667
"GSM989979","58","73.4304666666667",15.4304666666667
"GSM989980","34","51.2576",17.2576
"GSM989981","65","70.3413666666667",5.3413666666667
"GSM989982","52","73.7516666666667",21.7516666666667
"GSM989983","32","56.408",24.408
"GSM989984","47","71.0181",24.0181
"GSM989985","54","76.3022666666667",22.3022666666667
"GSM989986","63","72.9765666666667",9.9765666666667
"GSM989987","28","61.6223333333334",33.6223333333334
"GSM989988","54","72.5916",18.5916
"GSM989989","59","71.8222666666667",12.8222666666667
"GSM989990","56","72.6754333333333",16.6754333333333
"GSM989991","50","71.8466333333333",21.8466333333333
"GSM989992","30","55.7169666666667",25.7169666666667
"GSM989993","50","71.9286333333334",21.9286333333334
"GSM989994","47","73.3763666666666",26.3763666666666
"GSM989995","47","67.6602333333333",20.6602333333333
"GSM989996","33","66.6593",33.6593
"GSM989997","38","66.9386333333333",28.9386333333333
"GSM989998","35","67.6808",32.6808
"GSM989999","47","66.1616666666667",19.1616666666667
"GSM990000","80","70.8354333333333",-9.1645666666667
"GSM990001","86","75.3432666666667",-10.6567333333333
"GSM990002","71","75.1625",4.16249999999999
"GSM990003","77","73.6392",-3.3608
"GSM990004","67","73.7411",6.7411
"GSM990005","84","74.7510666666666",-9.2489333333334
"GSM990006","80","72.8864666666667",-7.11353333333329
"GSM990007","70","73.4383",3.4383
"GSM990008","67","72.7904",5.79040000000001
"GSM990009","63","66.4322333333334",3.4322333333334
"GSM990010","70","76.5145",6.5145
"GSM990011","56","74.8895",18.8895
"GSM990012","67","75.9779666666666",8.9779666666666
"GSM990013","70","73.0654",3.0654
"GSM990014","70","76.3137",6.3137
"GSM990015","74","74.2387333333333",0.2387333333333
"GSM990016","73","78.133",5.133
"GSM990017","77","74.6117",-2.3883
"GSM990018","80","75.4121",-4.5879
"GSM990019","66","76.1502",10.1502
"GSM990020","85","69.5385",-15.4615
"GSM990021","76","72.5854333333333",-3.4145666666667
"GSM990022","78","76.8164333333333",-1.18356666666671
"GSM990023","82","72.3052",-9.6948
"GSM990024","76","74.7971333333333",-1.20286666666669
"GSM990025","71","75.7507666666667",4.75076666666671
"GSM990026","82","72.5065333333333",-9.49346666666671
"GSM990027","83","74.5551",-8.4449
"GSM990028","79","69.3259",-9.6741
"GSM990029","75","71.6112",-3.3888
"GSM990030","68","68.4001666666667",0.400166666666706
"GSM990031","64","71.1075",7.1075
"GSM990032","70","71.1993333333334",1.1993333333334
"GSM990033","92","73.7394666666667",-18.2605333333333
"GSM990034","74","74.6799666666667",0.679966666666701
"GSM990035","69","75.0002",6.00020000000001
"GSM990036","80","74.7815",-5.21850000000001
"GSM990037","63","72.7226333333334",9.72263333333341
"GSM990038","77","77.0747333333334",0.0747333333333984
"GSM990039","81","72.4595666666667",-8.5404333333333
"GSM990040","82","74.5221",-7.47790000000001
"GSM990041","69","72.0975333333333",3.0975333333333
"GSM990042","73","70.8136666666667",-2.18633333333329
"GSM990043","66","74.7677666666666",8.7677666666666
"GSM990044","87","72.6327666666667",-14.3672333333333
"GSM990045","68","74.589",6.589
"GSM990046","69","70.4410333333334",1.44103333333339
"GSM990047","76","73.0139666666667",-2.9860333333333
"GSM990048","69","76.0173",7.01730000000001
"GSM990049","81","70.9242666666667",-10.0757333333333
"GSM990050","71","71.7542666666667",0.754266666666695
"GSM990051","71","69.0891666666667",-1.9108333333333
"GSM990052","75","76.6798333333333",1.67983333333331
"GSM990053","60","68.9255333333333",8.92553333333331
"GSM990054","77","72.4908333333333",-4.5091666666667
"GSM990055","85","74.8685333333333",-10.1314666666667
"GSM990056","70","71.3661",1.3661
"GSM990057","62","73.296",11.296
"GSM990058","69","71.7970666666667",2.79706666666669
"GSM990059","73","74.3291666666667",1.32916666666669
"GSM990060","73","72.1417333333333",-0.858266666666694
"GSM990061","74","70.9606666666667",-3.0393333333333
"GSM990062","73","75.3966",2.39660000000001
"GSM990063","86","76.8167666666667",-9.18323333333331
"GSM990064","83","74.5350666666667",-8.46493333333331
"GSM990065","76","70.831",-5.169
"GSM990066","75","73.2796666666667",-1.7203333333333
"GSM990067","64","69.2632",5.2632
"GSM990068","67","70.2054666666667",3.20546666666669
"GSM990069","88","72.1093333333333",-15.8906666666667
"GSM990070","48","73.4577",25.4577
"GSM990071","44","67.3631333333333",23.3631333333333
"GSM990072","48","62.9511666666667",14.9511666666667
"GSM990073","62","75.631",13.631
"GSM990074","54","73.2269666666667",19.2269666666667
"GSM990075","46","71.6092",25.6092
"GSM990076","60","72.2488",12.2488
"GSM990077","40","61.4296666666667",21.4296666666667
"GSM990078","43","65.0269666666667",22.0269666666667
"GSM990079","41","65.0340666666667",24.0340666666667
"GSM990080","53","68.4848333333333",15.4848333333333
"GSM990081","48","71.1003",23.1003
"GSM990082","71","76.2573",5.2573
"GSM990083","52","70.3011666666667",18.3011666666667
"GSM990084","64","75.4015666666667",11.4015666666667
"GSM990085","48","66.3670666666667",18.3670666666667
"GSM990086","55","73.8134333333333",18.8134333333333
"GSM990087","68","76.1855",8.1855
"GSM990088","46","69.5467333333333",23.5467333333333
"GSM990089","64","71.0596333333334",7.05963333333339
"GSM990090","57","75.7646666666666",18.7646666666666
"GSM990091","45","70.3489",25.3489
"GSM990092","51","66.2506",15.2506
"GSM990093","53","70.6362666666667",17.6362666666667
"GSM990094","60","71.5905",11.5905
"GSM990095","51","67.781",16.781
"GSM990096","73","72.6939",-0.306100000000001
"GSM990097","38","64.5756666666666",26.5756666666666
"GSM990098","42","71.7166",29.7166
"GSM990099","64","74.0977333333333",10.0977333333333
"GSM990100","58","72.1970666666667",14.1970666666667
"GSM990101","43","65.1838666666667",22.1838666666667
"GSM990102","38","73.0073333333333",35.0073333333333
"GSM990103","54","66.9024333333333",12.9024333333333
"GSM990104","70","73.4552666666666",3.4552666666666
"GSM990105","44","67.8920666666667",23.8920666666667
"GSM990106","62","76.7259666666666",14.7259666666666
"GSM990107","51","74.4786666666667",23.4786666666667
"GSM990108","41","67.3658666666667",26.3658666666667
"GSM990109","53","70.8895333333333",17.8895333333333
"GSM990110","65","75.6918",10.6918
"GSM990111","50","72.2243333333333",22.2243333333333
"GSM990112","55","76.7410333333333",21.7410333333333
"GSM990113","62","74.3427",12.3427
"GSM990114","61","76.4463333333333",15.4463333333333
"GSM990115","38","64.6380666666667",26.6380666666667
"GSM990116","59","68.5837666666666",9.58376666666661
"GSM990117","64","77.3725",13.3725
"GSM990118","57","71.5846666666667",14.5846666666667
"GSM990119","57","67.6856666666667",10.6856666666667
"GSM990120","49","66.1486",17.1486
"GSM990121","64","74.486",10.486
"GSM990122","66","68.7382666666666",2.7382666666666
"GSM990268","52","72.4991666666667",20.4991666666667
"GSM990269","43","57.6509333333334",14.6509333333334
"GSM990270","49","73.4397",24.4397
"GSM990271","51","69.4652",18.4652
"GSM990272","58","75.1110333333333",17.1110333333333
"GSM990273","63","74.2153",11.2153
"GSM990274","55","72.5521666666667",17.5521666666667
"GSM990275","50","69.7907",19.7907
"GSM990276","57","74.3695",17.3695
"GSM990277","33","67.3785",34.3785
"GSM990278","46","73.1453666666666",27.1453666666666
"GSM990279","46","70.8997",24.8997
"GSM990280","66","70.3540666666666",4.3540666666666
"GSM990281","55","72.4478666666667",17.4478666666667
"GSM990282","64","74.3453333333333",10.3453333333333
"GSM990283","46","67.0420333333333",21.0420333333333
"GSM990284","66","74.514",8.514
"GSM990285","47","66.6552",19.6552
"GSM990286","58","70.3228666666666",12.3228666666666
"GSM990287","61","74.9918333333333",13.9918333333333
"GSM990288","48","72.5188333333333",24.5188333333333
"GSM990289","45","68.0060666666667",23.0060666666667
"GSM990290","62","75.4452",13.4452
"GSM990291","50","66.2038333333333",16.2038333333333
"GSM990292","34","37.5056666666667",3.5056666666667
"GSM990293","64","72.4792333333333",8.4792333333333
"GSM990294","55","73.5808333333333",18.5808333333333
"GSM990295","48","73.5636333333333",25.5636333333333
"GSM990296","60","68.9161333333333",8.91613333333331
"GSM990297","64","65.6187666666667",1.6187666666667
"GSM990298","58","69.8830333333334",11.8830333333334
"GSM990299","37","64.6686",27.6686
"GSM990300","60","67.7332333333333",7.7332333333333
"GSM990301","63","73.1612333333334",10.1612333333334
"GSM990302","59","71.9330333333333",12.9330333333333
"GSM990303","54","73.6183333333334",19.6183333333334
"GSM990304","60","72.9925",12.9925
"GSM990305","51","72.1295666666667",21.1295666666667
"GSM990306","63","74.8157",11.8157
"GSM990307","64","71.3735",7.37350000000001
"GSM990308","64","75.6168666666667",11.6168666666667
"GSM990309","44","67.6404",23.6404
"GSM990310","65","71.0085666666667",6.0085666666667
"GSM990311","66","77.0705666666667",11.0705666666667
"GSM990312","51","73.8831",22.8831
"GSM990313","61","66.2508",5.2508
"GSM990314","52","75.2899",23.2899
"GSM990315","61","74.4523333333333",13.4523333333333
"GSM990316","59","72.6577333333333",13.6577333333333
"GSM990317","57","66.5135666666667",9.5135666666667
"GSM990318","52","61.7856",9.7856
"GSM990319","55","76.9272",21.9272
"GSM990320","59","66.2369666666667",7.2369666666667
"GSM990321","59","75.5597",16.5597
"GSM990322","61","74.1819666666666",13.1819666666666
"GSM990323","46","66.0264666666666",20.0264666666666
"GSM990324","31","52.9498333333333",21.9498333333333
"GSM990325","55","75.2002333333333",20.2002333333333
"GSM990326","53","71.0493666666667",18.0493666666667
"GSM990327","42","65.6927666666666",23.6927666666666
"GSM990328","59","75.5506",16.5506
"GSM990329","50","71.5384",21.5384
"GSM990330","52","69.5200333333333",17.5200333333333
"GSM990331","45","63.8628",18.8628
"GSM990332","65","66.6595666666667",1.65956666666671
"GSM990333","59","76.2042",17.2042
"GSM990334","58","64.7860333333333",6.78603333333329
"GSM990335","64","76.5965333333334",12.5965333333334
"GSM990336","61","66.9127",5.9127
"GSM990337","67","76.5018333333333",9.50183333333329
"GSM990338","59","74.4774333333333",15.4774333333333
"GSM990339","58","69.1482333333334",11.1482333333334
"GSM990340","54","68.5471333333333",14.5471333333333
"GSM990341","57","70.7303333333333",13.7303333333333
"GSM990342","60","75.1477666666667",15.1477666666667
"GSM990343","50","76.0682666666666",26.0682666666666
"GSM990344","57","74.1731333333333",17.1731333333333
"GSM990345","66","76.0194666666666",10.0194666666666
"GSM990346","44","66.0861",22.0861
"GSM990347","62","73.4254",11.4254
"GSM990348","76","75.0974",-0.902600000000007
"GSM990349","48","69.6485",21.6485
"GSM990350","46","74.9069",28.9069
"GSM990351","41","66.3242333333333",25.3242333333333
"GSM990352","59","74.6136333333333",15.6136333333333
"GSM990353","52","74.9179",22.9179
"GSM990354","50","71.8845333333333",21.8845333333333
"GSM990355","45","51.1838333333333",6.1838333333333
"GSM990356","52","67.4838",15.4838
"GSM990357","54","73.1956666666667",19.1956666666667
"GSM990358","62","75.0845333333333",13.0845333333333
"GSM990359","62","72.7344",10.7344
"GSM990360","63","74.9704666666667",11.9704666666667
"GSM990361","55","69.9015333333334",14.9015333333334
"GSM990362","60","71.4051666666667",11.4051666666667
"GSM990363","65","71.0744",6.0744
"GSM990364","64","73.7154666666666",9.7154666666666
"GSM990365","57","72.2127",15.2127
"GSM990366","63","75.3591666666666",12.3591666666666
"GSM990367","40","66.2979333333333",26.2979333333333
"GSM990368","57","66.2405",9.2405
"GSM990369","38","54.4955666666667",16.4955666666667
"GSM990370","64","73.4051333333333",9.4051333333333
"GSM990371","59","76.2894333333333",17.2894333333333
"GSM990372","58","75.4640666666667",17.4640666666667
"GSM990373","41","65.0856",24.0856
"GSM990374","58","71.2999666666667",13.2999666666667
"GSM990375","26","47.6618",21.6618
"GSM990376","61","76.2410666666667",15.2410666666667
"GSM990377","56","74.2435666666667",18.2435666666667
"GSM990378","66","76.2614333333333",10.2614333333333
"GSM990379","62","69.7275333333333",7.7275333333333
"GSM990380","56","74.6683333333334",18.6683333333334
"GSM990381","55","67.1202666666667",12.1202666666667
"GSM990382","61","69.8140333333333",8.8140333333333
"GSM990383","58","75.4401666666666",17.4401666666666
"GSM990384","53","67.5155",14.5155
"GSM990385","63","75.7810333333333",12.7810333333333
"GSM990386","59","73.6540666666666",14.6540666666666
"GSM990387","61","72.9387",11.9387
"GSM990388","66","71.5810666666667",5.5810666666667
"GSM990389","65","77.1563333333333",12.1563333333333
"GSM990390","58","72.3978666666667",14.3978666666667
"GSM990391","43","61.0044333333333",18.0044333333333
"GSM990392","55","70.8835",15.8835
"GSM990393","47","67.6038333333333",20.6038333333333
"GSM990394","50","76.3078",26.3078
"GSM990395","46","68.8883333333333",22.8883333333333
"GSM990396","54","64.1517333333333",10.1517333333333
"GSM990397","80","75.8084333333333",-4.1915666666667
"GSM990398","83","74.1437333333333",-8.8562666666667
"GSM990399","77","71.1674",-5.8326
"GSM990400","76","74.3348333333333",-1.66516666666671
"GSM990401","64","74.5188333333333",10.5188333333333
"GSM990402","70","73.0774333333333",3.0774333333333
"GSM990403","82","75.3112666666667",-6.6887333333333
"GSM990404","58","72.8369",14.8369
"GSM990405","66","75.5067",9.5067
"GSM990406","85","75.9395",-9.0605
"GSM990407","66","69.8112",3.8112
"GSM990408","69","70.48",1.48
"GSM990409","84","75.2551333333333",-8.7448666666667
"GSM990410","79","71.9157",-7.0843
"GSM990411","64","69.8816",5.88160000000001
"GSM990412","78","75.7874333333333",-2.2125666666667
"GSM990413","53","70.0780666666667",17.0780666666667
"GSM990414","59","68.8874666666667",9.8874666666667
"GSM990415","65","72.2261",7.2261
"GSM990416","61","76.2346333333333",15.2346333333333
"GSM990417","58","71.6539",13.6539
"GSM990418","69","74.0105333333333",5.0105333333333
"GSM990419","60","71.068",11.068
"GSM990420","65","70.3195666666667",5.3195666666667
"GSM990421","89","78.4451333333333",-10.5548666666667
"GSM990422","74","66.0649666666666",-7.93503333333339
"GSM990423","81","42.7341666666667",-38.2658333333333
"GSM990424","68","76.7534",8.7534
"GSM990425","68","74.1847333333333",6.1847333333333
"GSM990426","65","72.3569333333333",7.3569333333333
"GSM990427","90","72.8156333333334",-17.1843666666666
"GSM990428","66","71.7870333333333",5.7870333333333
"GSM990429","79","74.67",-4.33
"GSM990430","57","70.8198",13.8198
"GSM990431","76","74.8736",-1.1264
"GSM990432","79","74.6752666666666",-4.3247333333334
"GSM990433","49","70.6023666666667",21.6023666666667
"GSM990434","92","74.3144333333333",-17.6855666666667
"GSM990435","66","71.6571",5.6571
"GSM990436","59","68.9568",9.9568
"GSM990437","76","68.1106",-7.88939999999999
"GSM990438","56","69.8787",13.8787
"GSM990439","52","67.7805666666667",15.7805666666667
"GSM990440","65","75.8742",10.8742
"GSM990441","73","74.3803333333333",1.3803333333333
"GSM990442","65","70.9473333333333",5.9473333333333
"GSM990443","84","71.9350666666667",-12.0649333333333
"GSM990444","51","68.7531",17.7531
"GSM990445","78","75.0749666666667",-2.9250333333333
"GSM990446","53","73.1418333333333",20.1418333333333
"GSM990447","68","72.9392333333333",4.93923333333331
"GSM990448","52","67.2270666666666",15.2270666666666
"GSM990449","72","71.8148666666667",-0.185133333333297
"GSM990450","48","67.3207666666667",19.3207666666667
"GSM990451","60","69.3540666666667",9.3540666666667
"GSM990452","61","72.6703666666667",11.6703666666667
"GSM990453","69","72.3091333333333",3.30913333333331
"GSM990454","81","72.0795666666667",-8.92043333333331
"GSM990455","56","73.8178",17.8178
"GSM990456","79","73.9522",-5.0478
"GSM990457","82","72.6883666666667",-9.3116333333333
"GSM990458","58","72.8231333333333",14.8231333333333
"GSM990459","75","75.0246333333333",0.0246333333332984
"GSM990460","78","75.3125666666666",-2.6874333333334
"GSM990461","57","72.4416666666667",15.4416666666667
"GSM990462","70","73.0742333333333",3.0742333333333
"GSM990463","77","75.4477",-1.5523
"GSM990464","56","73.2947333333333",17.2947333333333
"GSM990465","67","72.7356333333333",5.7356333333333
"GSM990466","76","70.1253",-5.8747
"GSM990467","89","74.3102",-14.6898
"GSM990468","69","75.5112666666667",6.5112666666667
"GSM990469","79","73.5536333333333",-5.44636666666671
"GSM990470","80","72.9052333333333",-7.0947666666667
"GSM990471","76","73.9694333333333",-2.0305666666667
"GSM990472","48","67.8392333333334",19.8392333333334
"GSM990473","61","73.5701666666667",12.5701666666667
"GSM990474","52","71.9947666666667",19.9947666666667
"GSM990475","69","74.2307333333333",5.2307333333333
"GSM990476","41","67.4861",26.4861
"GSM990477","69","74.2683",5.2683
"GSM990478","65","73.6182666666666",8.6182666666666
"GSM990479","45","64.4357333333333",19.4357333333333
"GSM990480","66","64.0408666666667",-1.9591333333333
"GSM990481","76","77.0719",1.0719
"GSM990482","76","73.0192666666666",-2.9807333333334
"GSM990483","45","65.9607666666666",20.9607666666666
"GSM990484","71","69.0039333333334",-1.99606666666659
"GSM990485","52","70.9132333333333",18.9132333333333
"GSM990486","84","73.1157666666667",-10.8842333333333
"GSM990487","57","72.3458666666667",15.3458666666667
"GSM990488","68","76.1435333333333",8.14353333333329
"GSM990489","74","73.8988333333333",-0.1011666666667
"GSM990490","33","55.6886333333334",22.6886333333334
"GSM990491","68","71.1344333333333",3.13443333333331
"GSM990492","73","73.2576333333333",0.257633333333303
"GSM990493","79","76.5650666666667",-2.4349333333333
"GSM990494","72","71.8606",-0.139399999999995
"GSM990495","78","74.4448333333333",-3.55516666666669
"GSM990496","68","74.7678666666666",6.76786666666661
"GSM990497","52","59.4717666666666",7.4717666666666
"GSM990498","64","71.9974333333333",7.9974333333333
"GSM990499","27","45.9193666666667",18.9193666666667
"GSM990500","29","35.8114666666667",6.8114666666667
"GSM990501","44","60.7285333333334",16.7285333333334
"GSM990502","41","74.8550666666667",33.8550666666667
"GSM990503","45","65.1284",20.1284
"GSM990504","27","49.0404",22.0404
"GSM990505","48","65.9896666666667",17.9896666666667
"GSM990506","56","73.0296",17.0296
"GSM990507","34","51.3574333333333",17.3574333333333
"GSM990508","69","72.3936666666666",3.3936666666666
"GSM990509","56","71.3949666666666",15.3949666666666
"GSM990510","47","67.4168666666666",20.4168666666666
"GSM990511","56","69.6667666666667",13.6667666666667
"GSM990512","60","75.7257333333334",15.7257333333334
"GSM990513","75","73.0184666666667",-1.9815333333333
"GSM990514","60","73.7193",13.7193
"GSM990515","47","62.3372666666667",15.3372666666667
"GSM990516","55","72.4542",17.4542
"GSM990517","32","49.4154",17.4154
"GSM990518","23","41.5805666666667",18.5805666666667
"GSM990519","43","65.1365333333333",22.1365333333333
"GSM990520","47","57.9866",10.9866
"GSM990521","44","71.2870666666667",27.2870666666667
"GSM990522","37","65.8806666666666",28.8806666666666
"GSM990523","27","37.3313",10.3313
"GSM990524","69","73.5404666666666",4.5404666666666
"GSM990525","28","51.8824",23.8824
"GSM990526","51","70.0092666666667",19.0092666666667
"GSM990527","57","68.4033666666667",11.4033666666667
"GSM990528","19","43.0194",24.0194
"GSM990529","44","56.2000333333334",12.2000333333334
"GSM990530","49","72.2374333333333",23.2374333333333
"GSM990531","34","54.1319333333334",20.1319333333334
"GSM990532","44","66.3804",22.3804
"GSM990533","62","71.8099",9.8099
"GSM990534","30","53.9383666666667",23.9383666666667
"GSM990535","49","67.8063333333334",18.8063333333334
"GSM990536","36","54.5719666666667",18.5719666666667
"GSM990537","25","41.4967333333333",16.4967333333333
"GSM990538","36","63.8613",27.8613
"GSM990539","21","30.9423333333333",9.9423333333333
"GSM990540","40","73.2753333333334",33.2753333333334
"GSM990541","22","38.3557666666667",16.3557666666667
"GSM990542","36","61.6101",25.6101
"GSM990543","58","66.7119666666667",8.7119666666667
"GSM990544","83","77.1106",-5.88939999999999
"GSM990545","69","70.8575333333333",1.85753333333329
"GSM990546","89","72.1531666666666",-16.8468333333334
"GSM990547","89","73.8301333333334",-15.1698666666666
"GSM990548","66","71.8745",5.8745
"GSM990549","55","68.9855666666667",13.9855666666667
"GSM990550","82","73.5603333333333",-8.4396666666667
"GSM990551","73","73.5583",0.558300000000003
"GSM990552","77","72.0431666666667",-4.95683333333329
"GSM990553","80","73.8897",-6.1103
"GSM990554","79","70.6894333333333",-8.3105666666667
"GSM990555","73","74.3656333333333",1.36563333333331
"GSM990556","82","71.8717333333333",-10.1282666666667
"GSM990557","85","70.9939",-14.0061
"GSM990558","91","71.5379666666667",-19.4620333333333
"GSM990559","85","77.3907666666667",-7.60923333333329
"GSM990560","86","75.1282",-10.8718
"GSM990561","74","71.9679",-2.0321
"GSM990562","90","75.5741333333333",-14.4258666666667
"GSM990563","87","72.9137333333333",-14.0862666666667
"GSM990564","76","75.0930666666667",-0.906933333333299
"GSM990565","81","70.6840333333334",-10.3159666666666
"GSM990566","59","69.2241333333333",10.2241333333333
"GSM990567","73","70.5551666666666",-2.44483333333341
"GSM990568","76","63.8467666666667",-12.1532333333333
"GSM990569","85","70.1844333333334",-14.8155666666666
"GSM990570","69","70.6772666666667",1.6772666666667
"GSM990571","85","69.9368666666667",-15.0631333333333
"GSM990572","85","76.3924666666667",-8.60753333333329
"GSM990573","84","75.6025666666667",-8.3974333333333
"GSM990574","83","66.4163",-16.5837
"GSM990575","67","71.8202",4.8202
"GSM990576","85","74.2561666666666",-10.7438333333334
"GSM990577","76","71.4919666666667",-4.5080333333333
"GSM990578","87","68.5158",-18.4842
"GSM990579","84","72.4711666666667",-11.5288333333333
"GSM990580","82","76.6831666666667",-5.31683333333331
"GSM990581","93","74.7974333333333",-18.2025666666667
"GSM990582","71","73.3787",2.37869999999999
"GSM990583","80","74.627",-5.373
"GSM990584","88","73.4953",-14.5047
"GSM990585","72","71.8241666666667",-0.175833333333301
"GSM990586","77","75.5591666666666",-1.4408333333334
"GSM990587","56","70.1729",14.1729
"GSM990588","92","76.2735333333333",-15.7264666666667
"GSM990589","78","78.6757666666666",0.675766666666604
"GSM990590","71","74.3269333333333",3.3269333333333
"GSM990591","89","66.476",-22.524
"GSM990592","54","67.9511333333333",13.9511333333333
"GSM990593","66","73.7108333333333",7.7108333333333
"GSM990594","75","75.5784333333333",0.578433333333294
"GSM990595","90","59.0138333333334",-30.9861666666666
"GSM990596","66","75.4991333333333",9.4991333333333
"GSM990597","77","74.5983333333333",-2.4016666666667
"GSM990598","82","73.3298",-8.67019999999999
"GSM990599","65","75.2853",10.2853
"GSM990600","58","62.9855",4.9855
"GSM990601","75","73.2009333333334",-1.7990666666666
"GSM990602","88","72.4863",-15.5137
"GSM990603","74","76.5068",2.5068
"GSM990604","69","68.1524333333333",-0.847566666666694
"GSM990605","83","79.0836",-3.9164
"GSM990606","83","69.3144",-13.6856
"GSM990607","70","75.687",5.687
"GSM990608","64","75.5213333333333",11.5213333333333
"GSM990609","50","75.3245666666667",25.3245666666667
"GSM990610","74","78.005",4.005
"GSM990611","69","60.4176666666667",-8.5823333333333
"GSM990612","86","71.4584666666667",-14.5415333333333
"GSM990613","66","74.6747333333333",8.67473333333329
"GSM990614","70","72.5839000000001",2.5839000000001
"GSM990615","89","72.8666666666667",-16.1333333333333
"GSM990616","78","75.4129999999999",-2.5870000000001
"GSM990617","69","75.1518",6.15179999999999
"GSM990618","64","75.4479666666667",11.4479666666667
"GSM990619","79","73.5322666666667",-5.4677333333333
"GSM990620","92","73.8569",-18.1431
"GSM990621","70","74.9222333333334",4.92223333333339
"GSM990622","77","75.9354333333333",-1.06456666666671
"GSM990623","78","76.8844",-1.1156
"GSM990624","71","71.7955333333334",0.795533333333395
"GSM990625","68","75.0830666666667",7.0830666666667
"GSM990626","61","76.7490333333333",15.7490333333333
"GSM990627","73","75.2685666666667",2.2685666666667
